Date,Time,Type,Wind,Pressure,Latitude(°N),Longitude(°E),Humidity(%),Temperature(°C),Visibility(km),Precipitation(mm),SST(°C),Storm Surge(m),Wave Height(m),Air Density(kg/m³)
12-May,18:00,Severe Cyclonic Storm,132,991,18.7,82.0,81,22,0,50,14,0.3,1.7,1.225
12-May,18:00,Cyclonic Storm,164,938,14.3,78.6,78,9,1,2,15,0.7,0.6,1.225
12-May,6:00,Disturbance,151,992,12.2,82.5,86,23,8,85,11,0.7,0.6,1.225
12-May,0:00,Cyclonic Storm,47,999,17.5,78.2,97,4,0,56,20,0.1,0.7,1.225
13-May,12:00,Severe Cyclonic Storm,130,956,8.7,84.7,88,20,6,9,13,0.5,0.9,1.225
13-May,6:00,Cyclonic Storm,158,943,16.7,82.1,82,12,13,89,22,0.4,2.0,1.225
13-May,18:00,Depression,182,964,13.2,80.9,79,16,9,11,14,1.1,1.5,1.225
13-May,12:00,Depression,54,952,16.6,75.2,87,23,7,48,26,0.1,1.2,1.225
14-May,12:00,Extremely Severe Cyclonic Storm,45,972,15.6,74.9,80,20,14,95,11,1.0,0.2,1.225
14-May,12:00,Low Pressure Area,45,941,12.7,79.6,86,18,2,64,24,0.9,0.3,1.225
14-May,12:00,Very Severe Cyclonic Storm,152,1000,18.7,79.1,99,6,10,28,26,0.6,1.6,1.225
14-May,0:00,Low Pressure Area,175,987,15.5,84.4,89,4,12,87,11,0.9,1.2,1.225
15-May,12:00,Severe Cyclonic Storm,75,998,16.9,79.1,99,8,3,65,17,0.9,0.1,1.225
15-May,18:00,Cyclonic Storm,84,997,16.0,74.0,95,12,2,92,24,0.7,0.6,1.225
15-May,6:00,Low Pressure Area,182,995,18.5,76.8,78,7,3,42,25,0.4,0.5,1.225
15-May,0:00,Extremely Severe Cyclonic Storm,54,971,17.7,78.3,84,14,8,59,13,0.9,0.4,1.225
16-May,12:00,Extremely Severe Cyclonic Storm,182,969,15.4,84.0,94,25,4,49,26,0.7,1.3,1.225
16-May,6:00,Disturbance,49,965,11.9,73.5,87,8,2,41,23,0.4,1.7,1.225
16-May,12:00,Very Severe Cyclonic Storm,153,957,18.0,76.8,84,10,12,86,16,0.7,1.8,1.225
16-May,6:00,Very Severe Cyclonic Storm,74,991,16.2,76.7,75,8,0,68,17,0.9,1.9,1.225
17-May,6:00,Extremely Severe Cyclonic Storm,176,939,15.6,80.1,92,11,1,40,11,0.8,1.6,1.225
17-May,0:00,Very Severe Cyclonic Storm,161,969,17.8,81.0,99,27,2,33,18,0.3,1.3,1.225
17-May,12:00,Depression,176,987,15.1,74.4,91,12,6,14,13,1.3,1.7,1.225
17-May,6:00,Cyclonic Storm,193,1000,13.7,78.9,75,11,10,56,23,1.2,0.8,1.225
18-May,18:00,Low Pressure Area,147,995,17.2,83.7,84,13,4,89,18,1.3,1.1,1.225
18-May,6:00,Cyclonic Storm,210,978,18.4,73.9,96,24,0,93,15,1.5,1.4,1.225
18-May,18:00,Low Pressure Area,134,967,15.7,80.4,76,16,13,10,25,0.5,1.0,1.225
18-May,6:00,Cyclonic Storm,51,945,15.9,76.2,99,23,8,7,18,1.0,1.3,1.225
19-May,6:00,Very Severe Cyclonic Storm,46,941,16.6,83.7,77,19,14,62,11,0.6,1.5,1.225
19-May,6:00,Very Severe Cyclonic Storm,37,959,14.9,73.5,87,13,11,64,26,1.4,1.6,1.225
19-May,0:00,Disturbance,218,998,16.7,84.7,98,16,7,8,23,1.4,0.5,1.225
19-May,18:00,Depression,38,940,14.1,83.4,99,21,11,5,14,1.4,0.4,1.225
20-May,12:00,Cyclonic Storm,48,978,16.0,80.7,90,7,10,3,21,0.3,1.1,1.225
20-May,6:00,Very Severe Cyclonic Storm,103,953,19.7,78.1,99,17,8,40,27,0.4,0.3,1.225
20-May,18:00,Extremely Severe Cyclonic Storm,93,976,16.9,78.6,84,4,10,61,16,1.2,1.2,1.225
20-May,12:00,Depression,211,946,15.0,78.1,88,6,3,76,21,1.5,1.8,1.225
21-May,0:00,Cyclonic Storm,163,937,10.8,75.7,99,16,7,34,16,1.1,1.3,1.225
21-May,0:00,Cyclonic Storm,81,947,10.4,78.4,89,4,1,86,12,1.0,1.3,1.225
21-May,12:00,Severe Cyclonic Storm,81,941,18.4,84.8,97,24,14,5,11,0.3,1.8,1.225
21-May,18:00,Very Severe Cyclonic Storm,211,1000,9.7,73.7,75,25,1,14,20,1.1,1.5,1.225
22-May,6:00,Severe Cyclonic Storm,178,955,8.2,79.2,91,7,13,35,12,0.6,0.6,1.225
22-May,12:00,Extremely Severe Cyclonic Storm,186,964,18.6,81.6,95,5,9,90,15,0.5,0.1,1.225
22-May,6:00,Cyclonic Storm,35,937,12.8,75.0,97,15,0,73,22,1.3,0.2,1.225
22-May,6:00,Severe Cyclonic Storm,69,992,8.6,78.6,93,22,12,39,26,0.6,0.2,1.225
23-May,0:00,Severe Cyclonic Storm,44,952,16.0,74.6,97,20,8,11,24,0.2,1.0,1.225
23-May,6:00,Disturbance,213,997,11.2,75.0,85,12,9,66,15,0.9,0.2,1.225
23-May,12:00,Cyclonic Storm,96,956,11.1,79.0,91,27,3,94,18,1.1,1.0,1.225
23-May,18:00,Cyclonic Storm,91,950,10.8,73.5,89,21,0,29,15,0.2,1.4,1.225
24-May,18:00,Low Pressure Area,217,985,17.7,77.5,80,14,8,38,12,0.7,1.8,1.225
24-May,18:00,Extremely Severe Cyclonic Storm,166,956,9.4,83.2,75,10,11,40,16,0.5,0.7,1.225
24-May,0:00,Low Pressure Area,175,940,19.5,84.5,94,18,13,12,24,0.2,0.4,1.225
24-May,6:00,Low Pressure Area,142,943,17.0,82.0,96,27,11,54,27,1.4,1.8,1.225
25-May,6:00,Low Pressure Area,35,952,10.4,79.8,85,6,5,15,17,0.8,0.8,1.225
25-May,12:00,Disturbance,66,954,17.8,78.7,83,18,12,70,16,0.6,0.6,1.225
25-May,18:00,Low Pressure Area,128,947,10.5,73.6,81,5,14,61,17,0.5,1.3,1.225
25-May,6:00,Severe Cyclonic Storm,66,996,8.6,80.9,99,21,14,15,18,0.3,1.5,1.225
26-May,6:00,Depression,137,958,13.1,81.6,76,26,0,29,22,1.0,0.3,1.225
26-May,0:00,Severe Cyclonic Storm,141,974,12.8,81.8,88,10,9,4,10,1.1,0.7,1.225
26-May,0:00,Low Pressure Area,153,975,18.5,80.0,83,6,1,11,23,1.4,1.6,1.225
26-May,12:00,Depression,197,1003,10.8,84.8,85,17,1,64,26,0.2,1.1,1.225
27-May,6:00,Very Severe Cyclonic Storm,100,993,8.0,83.6,75,22,4,56,25,0.5,0.7,1.225
27-May,6:00,Cyclonic Storm,140,952,18.2,77.6,79,21,14,42,21,1.4,1.6,1.225
27-May,6:00,Low Pressure Area,56,983,18.7,77.7,77,11,3,71,16,0.2,1.7,1.225
27-May,12:00,Low Pressure Area,209,977,16.0,79.6,92,9,14,33,18,1.1,0.6,1.225
28-May,12:00,Disturbance,72,955,14.9,84.7,91,21,4,46,25,0.5,0.9,1.225
28-May,0:00,Low Pressure Area,87,964,10.2,80.2,96,12,2,70,23,0.3,0.9,1.225
28-May,6:00,Cyclonic Storm,145,992,16.5,79.2,89,23,6,32,13,0.9,0.6,1.225
28-May,12:00,Very Severe Cyclonic Storm,69,1004,12.0,81.9,76,25,0,32,23,1.2,0.8,1.225
29-May,6:00,Extremely Severe Cyclonic Storm,67,955,13.3,77.2,75,26,11,73,21,0.7,1.3,1.225
29-May,12:00,Very Severe Cyclonic Storm,213,989,16.2,75.0,78,26,7,37,18,0.1,1.0,1.225
29-May,12:00,Very Severe Cyclonic Storm,183,948,10.0,80.3,98,19,2,36,23,0.8,1.6,1.225
29-May,12:00,Cyclonic Storm,35,946,10.4,73.5,93,16,2,34,19,1.4,1.9,1.225
30-May,6:00,Depression,217,960,8.0,74.6,95,5,8,23,16,1.0,0.8,1.225
30-May,18:00,Extremely Severe Cyclonic Storm,39,983,15.6,83.9,88,18,6,32,18,0.6,1.4,1.225
30-May,0:00,Very Severe Cyclonic Storm,57,1001,8.6,79.0,83,18,3,59,25,1.5,1.3,1.225
30-May,0:00,Cyclonic Storm,160,999,16.7,79.6,82,13,6,81,10,0.9,0.6,1.225
31-May,12:00,Very Severe Cyclonic Storm,114,943,14.0,75.8,81,11,13,81,26,0.4,1.1,1.225
31-May,0:00,Extremely Severe Cyclonic Storm,195,996,17.6,75.7,97,27,14,40,13,1.1,1.0,1.225
31-May,12:00,Depression,149,990,12.3,80.0,80,15,14,83,23,0.1,0.8,1.225
31-May,6:00,Severe Cyclonic Storm,160,943,14.6,80.9,92,4,8,9,26,0.8,1.8,1.225
01-Jun,12:00,Depression,212,989,15.5,74.5,88,18,9,11,23,1.3,0.9,1.225
01-Jun,12:00,Severe Cyclonic Storm,216,986,16.6,79.8,83,9,1,67,10,0.4,0.6,1.225
01-Jun,6:00,Cyclonic Storm,42,942,13.6,78.0,91,19,7,26,23,0.4,1.5,1.225
01-Jun,18:00,Very Severe Cyclonic Storm,108,939,18.8,76.5,97,9,9,91,10,1.3,1.4,1.225
02-Jun,18:00,Low Pressure Area,146,936,11.7,75.0,88,7,6,62,20,0.5,0.9,1.225
02-Jun,12:00,Extremely Severe Cyclonic Storm,103,1004,17.0,82.0,83,26,13,2,17,1.5,1.0,1.225
02-Jun,6:00,Low Pressure Area,178,984,9.2,73.0,95,13,5,61,27,0.4,1.1,1.225
02-Jun,6:00,Disturbance,40,963,11.0,82.0,88,8,7,76,20,0.5,0.9,1.225
03-Jun,6:00,Very Severe Cyclonic Storm,138,974,12.0,75.0,96,11,9,31,13,1.3,0.5,1.225
03-Jun,6:00,Cyclonic Storm,90,1003,15.8,79.3,96,21,13,17,10,1.3,1.0,1.225
03-Jun,6:00,Extremely Severe Cyclonic Storm,68,949,13.8,79.3,91,10,2,68,21,0.6,1.8,1.225
03-Jun,6:00,Depression,183,995,14.8,80.0,76,25,12,66,21,1.3,0.6,1.225
04-Jun,18:00,Extremely Severe Cyclonic Storm,186,998,10.1,73.6,80,22,0,51,22,1.2,0.6,1.225
04-Jun,6:00,Low Pressure Area,199,961,14.1,77.8,97,12,12,51,24,0.6,0.7,1.225
04-Jun,18:00,Very Severe Cyclonic Storm,75,948,8.1,80.3,84,5,7,3,19,1.1,0.5,1.225
04-Jun,18:00,Low Pressure Area,208,976,16.7,81.9,98,16,0,31,23,0.7,1.0,1.225
05-Jun,18:00,Disturbance,72,985,19.5,78.6,89,17,7,9,14,0.7,0.6,1.225
05-Jun,12:00,Severe Cyclonic Storm,144,1004,15.2,73.4,78,20,9,16,19,0.5,0.2,1.225
05-Jun,18:00,Extremely Severe Cyclonic Storm,90,982,15.4,79.3,75,8,3,60,12,0.9,0.9,1.225
05-Jun,12:00,Depression,143,960,12.1,76.6,85,11,12,27,15,0.4,1.7,1.225
06-Jun,0:00,Very Severe Cyclonic Storm,129,947,18.4,83.0,75,22,8,60,14,0.1,0.6,1.225
06-Jun,0:00,Disturbance,93,987,10.1,76.4,80,14,2,14,24,1.1,0.8,1.225
06-Jun,0:00,Cyclonic Storm,114,943,12.4,85.0,83,25,6,69,18,0.7,0.7,1.225
06-Jun,0:00,Severe Cyclonic Storm,94,998,16.1,75.8,84,24,8,17,18,1.0,0.5,1.225
07-Jun,0:00,Severe Cyclonic Storm,123,982,18.2,83.0,92,21,10,6,27,1.1,1.5,1.225
07-Jun,0:00,Severe Cyclonic Storm,45,975,19.1,77.3,92,15,4,40,24,0.9,2.0,1.225
07-Jun,6:00,Very Severe Cyclonic Storm,145,991,11.6,73.2,75,11,9,94,15,0.7,0.4,1.225
07-Jun,0:00,Depression,139,964,13.0,76.7,89,11,2,88,12,0.2,0.7,1.225
08-Jun,12:00,Very Severe Cyclonic Storm,108,957,10.0,74.6,80,22,7,68,18,0.6,0.7,1.225
08-Jun,12:00,Cyclonic Storm,63,1004,11.6,80.8,83,21,11,15,20,1.4,1.4,1.225
08-Jun,6:00,Cyclonic Storm,127,950,16.9,73.7,86,24,12,9,24,0.7,1.1,1.225
08-Jun,0:00,Extremely Severe Cyclonic Storm,187,944,13.3,84.4,98,11,10,69,11,0.7,1.8,1.225
09-Jun,6:00,Low Pressure Area,39,960,9.5,75.9,98,17,11,31,26,0.2,1.0,1.225
09-Jun,12:00,Depression,189,959,9.7,84.9,76,9,0,3,12,0.6,0.6,1.225
09-Jun,18:00,Very Severe Cyclonic Storm,136,1000,13.8,78.8,78,8,9,55,24,0.8,0.7,1.225
09-Jun,18:00,Cyclonic Storm,132,1000,18.6,74.6,87,15,8,14,14,1.1,1.0,1.225
10-Jun,12:00,Severe Cyclonic Storm,97,952,19.1,80.9,94,9,13,9,14,0.9,1.9,1.225
10-Jun,6:00,Very Severe Cyclonic Storm,122,947,19.6,81.9,78,25,13,13,10,1.0,1.2,1.225
10-Jun,6:00,Extremely Severe Cyclonic Storm,155,942,13.4,78.0,90,9,1,59,20,1.1,0.9,1.225
10-Jun,6:00,Severe Cyclonic Storm,177,961,19.3,82.6,79,5,12,4,22,0.2,0.9,1.225
11-Jun,18:00,Disturbance,163,961,13.0,78.5,87,4,8,71,26,0.7,1.2,1.225
11-Jun,0:00,Severe Cyclonic Storm,81,993,18.3,73.9,81,22,14,82,25,0.8,1.6,1.225
11-Jun,18:00,Disturbance,118,999,17.3,76.2,96,20,2,73,26,0.8,0.4,1.225
11-Jun,12:00,Severe Cyclonic Storm,37,976,17.5,74.0,86,13,3,28,10,0.3,0.6,1.225
12-Jun,0:00,Severe Cyclonic Storm,96,960,13.1,76.9,98,18,12,88,20,0.6,1.3,1.225
12-Jun,12:00,Low Pressure Area,54,948,16.3,74.1,99,12,1,45,24,0.2,0.3,1.225
12-Jun,0:00,Severe Cyclonic Storm,136,962,19.7,82.7,76,6,9,90,16,0.3,0.7,1.225
12-Jun,0:00,Severe Cyclonic Storm,142,994,17.1,74.2,82,16,9,66,23,1.2,1.0,1.225
13-Jun,0:00,Depression,209,988,18.3,73.0,80,16,2,93,23,1.4,1.3,1.225
13-Jun,6:00,Low Pressure Area,117,993,9.3,84.9,91,5,10,15,14,0.6,1.1,1.225
13-Jun,0:00,Extremely Severe Cyclonic Storm,160,980,19.1,83.7,77,26,2,35,17,0.5,1.4,1.225
13-Jun,12:00,Cyclonic Storm,104,981,10.8,81.2,85,25,3,68,24,0.3,0.9,1.225
14-Jun,0:00,Depression,71,998,18.6,78.1,82,7,2,63,23,0.9,0.3,1.225
14-Jun,6:00,Depression,214,963,13.8,76.4,99,15,1,62,18,0.9,1.1,1.225
14-Jun,18:00,Low Pressure Area,88,935,15.8,77.6,76,17,4,26,19,0.6,1.1,1.225
14-Jun,18:00,Very Severe Cyclonic Storm,102,941,8.7,84.5,79,12,13,90,24,1.4,1.5,1.225
15-Jun,6:00,Very Severe Cyclonic Storm,68,978,19.6,73.0,79,12,8,30,20,1.1,0.4,1.225
15-Jun,6:00,Severe Cyclonic Storm,172,959,16.3,80.4,75,19,9,65,18,1.1,0.5,1.225
15-Jun,6:00,Extremely Severe Cyclonic Storm,201,980,12.7,81.4,90,11,7,26,14,0.6,1.0,1.225
15-Jun,0:00,Very Severe Cyclonic Storm,110,1003,12.9,74.3,91,14,1,5,15,1.2,0.3,1.225
16-Jun,18:00,Cyclonic Storm,174,978,11.2,79.9,75,10,9,2,26,1.4,0.4,1.225
16-Jun,0:00,Severe Cyclonic Storm,207,995,14.4,74.2,90,26,10,71,10,1.3,1.4,1.225
16-Jun,12:00,Low Pressure Area,46,977,8.6,76.1,94,6,3,36,20,1.3,0.8,1.225
16-Jun,18:00,Cyclonic Storm,118,950,19.4,73.6,76,21,9,69,12,0.9,0.9,1.225
17-Jun,6:00,Severe Cyclonic Storm,146,990,10.9,82.8,99,22,4,67,21,1.2,0.8,1.225
17-Jun,6:00,Severe Cyclonic Storm,118,966,9.0,84.9,75,25,8,59,22,1.2,1.4,1.225
17-Jun,18:00,Disturbance,140,937,9.1,73.5,92,5,13,69,17,0.4,1.4,1.225
17-Jun,18:00,Extremely Severe Cyclonic Storm,133,986,18.9,79.7,98,6,13,74,11,1.5,0.4,1.225
18-Jun,6:00,Extremely Severe Cyclonic Storm,158,986,13.5,75.1,93,26,13,78,26,1.0,0.3,1.225
18-Jun,0:00,Cyclonic Storm,195,988,19.3,83.6,97,8,10,12,21,0.7,1.0,1.225
18-Jun,12:00,Cyclonic Storm,36,970,12.6,80.4,90,23,2,64,20,0.2,1.3,1.225
18-Jun,0:00,Depression,74,996,15.2,80.7,86,17,6,29,19,1.0,0.6,1.225
19-Jun,6:00,Extremely Severe Cyclonic Storm,41,936,12.0,73.6,88,20,2,53,27,1.2,0.3,1.225
19-Jun,0:00,Disturbance,199,985,18.4,80.1,81,15,3,6,11,0.5,0.1,1.225
19-Jun,18:00,Very Severe Cyclonic Storm,48,977,11.4,75.4,95,27,6,26,24,1.0,0.6,1.225
19-Jun,12:00,Cyclonic Storm,43,978,14.6,78.2,85,24,11,27,21,1.0,0.3,1.225
20-Jun,6:00,Depression,179,970,18.0,76.8,82,10,3,51,10,0.5,0.1,1.225
20-Jun,6:00,Depression,175,989,14.0,76.5,92,19,0,77,19,1.3,0.6,1.225
20-Jun,18:00,Disturbance,197,971,10.6,82.9,82,22,14,35,26,1.3,0.9,1.225
20-Jun,0:00,Extremely Severe Cyclonic Storm,174,944,8.5,84.9,94,16,3,35,10,0.4,1.7,1.225
21-Jun,12:00,Disturbance,170,961,18.6,75.1,90,15,7,10,17,1.1,1.1,1.225
21-Jun,12:00,Very Severe Cyclonic Storm,182,960,15.5,81.9,80,16,14,57,15,1.1,0.9,1.225
21-Jun,12:00,Extremely Severe Cyclonic Storm,190,997,11.6,78.3,96,8,1,78,14,1.4,1.5,1.225
21-Jun,12:00,Disturbance,98,987,16.4,77.8,92,26,10,5,26,1.3,0.7,1.225
22-Jun,18:00,Disturbance,95,1002,10.7,77.5,87,5,1,87,12,1.3,0.6,1.225
22-Jun,12:00,Disturbance,135,943,11.5,77.5,83,6,7,86,15,0.4,0.4,1.225
22-Jun,0:00,Cyclonic Storm,103,940,9.9,85.0,93,20,0,6,21,1.2,1.9,1.225
22-Jun,18:00,Depression,135,966,9.4,76.3,85,24,14,8,26,0.7,1.2,1.225
23-Jun,6:00,Depression,205,936,9.2,73.2,95,10,12,81,11,0.6,1.4,1.225
23-Jun,12:00,Disturbance,211,957,17.6,75.3,96,27,3,84,11,0.5,1.8,1.225
23-Jun,18:00,Disturbance,104,948,18.6,81.1,91,27,7,20,26,0.2,1.4,1.225
23-Jun,6:00,Severe Cyclonic Storm,60,979,9.6,81.6,86,4,9,78,16,0.8,1.7,1.225
24-Jun,0:00,Severe Cyclonic Storm,210,938,12.9,79.0,94,5,11,56,13,1.2,1.2,1.225
24-Jun,6:00,Severe Cyclonic Storm,192,956,11.7,82.0,86,19,14,20,10,0.6,0.4,1.225
24-Jun,0:00,Low Pressure Area,152,975,10.0,76.8,80,15,2,89,13,0.6,1.0,1.225
24-Jun,6:00,Cyclonic Storm,201,959,16.7,74.1,96,16,2,92,21,0.5,0.5,1.225
25-Jun,12:00,Extremely Severe Cyclonic Storm,208,982,10.5,73.8,77,25,1,80,13,0.6,0.9,1.225
25-Jun,0:00,Very Severe Cyclonic Storm,133,957,16.1,75.3,96,9,4,33,16,1.2,0.7,1.225
25-Jun,0:00,Very Severe Cyclonic Storm,46,990,18.3,83.0,91,15,1,43,13,0.4,1.7,1.225
25-Jun,12:00,Disturbance,139,990,10.1,83.8,86,21,6,42,24,0.7,0.2,1.225
26-Jun,12:00,Disturbance,190,987,17.7,82.0,94,13,3,44,22,0.1,0.2,1.225
26-Jun,18:00,Disturbance,112,964,16.8,84.7,92,18,3,77,25,1.2,0.7,1.225
26-Jun,6:00,Disturbance,47,995,15.9,73.9,91,17,13,44,14,1.4,0.5,1.225
26-Jun,18:00,Low Pressure Area,85,960,11.3,81.8,83,11,2,52,22,1.2,1.3,1.225
27-Jun,18:00,Disturbance,35,961,12.9,80.1,90,23,1,70,13,1.4,1.3,1.225
27-Jun,12:00,Disturbance,66,966,9.0,84.7,92,6,10,96,19,0.6,0.2,1.225
27-Jun,6:00,Cyclonic Storm,182,948,14.5,77.5,80,8,14,35,20,1.3,1.6,1.225
27-Jun,0:00,Depression,113,971,18.4,76.3,76,9,13,39,12,1.5,0.3,1.225
28-Jun,18:00,Disturbance,100,990,10.2,80.5,97,18,6,88,26,1.0,1.6,1.225
28-Jun,18:00,Disturbance,217,954,18.9,79.8,81,7,3,13,14,0.5,1.8,1.225
28-Jun,0:00,Disturbance,67,954,16.3,76.9,82,15,1,21,17,0.4,0.8,1.225
28-Jun,18:00,Very Severe Cyclonic Storm,134,948,15.9,77.6,76,15,8,18,22,0.4,0.6,1.225
29-Jun,18:00,Extremely Severe Cyclonic Storm,146,952,13.0,79.8,92,11,2,97,26,0.3,0.3,1.225
29-Jun,18:00,Low Pressure Area,149,942,16.2,73.9,97,24,13,52,18,0.8,0.5,1.225
29-Jun,12:00,Very Severe Cyclonic Storm,50,981,17.9,79.3,83,22,2,76,18,1.0,1.2,1.225
29-Jun,18:00,Extremely Severe Cyclonic Storm,196,995,11.5,73.7,84,17,10,39,23,0.8,1.7,1.225
30-Jun,18:00,Disturbance,130,950,12.3,84.2,77,13,14,57,19,0.1,0.3,1.225
30-Jun,6:00,Cyclonic Storm,218,1000,9.0,80.6,80,23,0,39,25,1.4,1.2,1.225
30-Jun,12:00,Disturbance,148,957,8.9,82.9,81,22,6,94,17,0.2,0.8,1.225
30-Jun,12:00,Cyclonic Storm,175,971,16.9,80.7,79,5,14,26,18,1.0,0.8,1.225
01-Jul,12:00,Extremely Severe Cyclonic Storm,198,1000,13.5,79.2,95,27,8,34,14,0.8,1.8,1.225
01-Jul,6:00,Low Pressure Area,57,992,8.2,74.4,76,5,6,66,18,0.8,0.5,1.225
01-Jul,6:00,Very Severe Cyclonic Storm,138,997,18.0,84.7,95,22,4,68,26,1.1,0.7,1.225
01-Jul,12:00,Depression,153,972,10.6,78.2,88,7,7,39,14,0.2,1.4,1.225
02-Jul,6:00,Disturbance,148,964,8.1,76.2,83,15,0,10,12,1.1,0.2,1.225
02-Jul,12:00,Depression,52,992,14.6,75.9,77,27,2,25,16,0.9,0.2,1.225
02-Jul,6:00,Extremely Severe Cyclonic Storm,123,984,14.1,84.2,84,23,11,4,15,1.4,1.2,1.225
02-Jul,18:00,Severe Cyclonic Storm,129,976,16.3,75.9,76,8,6,27,11,0.6,0.9,1.225
03-Jul,12:00,Low Pressure Area,80,944,14.0,80.7,77,20,4,42,18,0.7,1.1,1.225
03-Jul,12:00,Very Severe Cyclonic Storm,81,957,15.3,77.1,94,11,10,64,23,0.2,1.2,1.225
03-Jul,18:00,Severe Cyclonic Storm,156,968,18.1,82.6,93,17,8,7,24,0.3,1.5,1.225
03-Jul,12:00,Very Severe Cyclonic Storm,212,985,10.2,84.6,82,16,5,85,23,0.9,1.0,1.225
04-Jul,0:00,Disturbance,195,997,15.8,84.9,97,26,11,62,19,0.3,1.0,1.225
04-Jul,12:00,Cyclonic Storm,216,972,19.3,77.8,89,10,5,65,18,0.9,1.3,1.225
04-Jul,12:00,Extremely Severe Cyclonic Storm,49,955,15.5,80.8,79,11,7,22,22,1.5,1.0,1.225
04-Jul,0:00,Disturbance,157,961,8.6,77.3,92,15,3,74,17,0.2,1.4,1.225
05-Jul,6:00,Disturbance,127,988,12.8,79.5,96,17,9,68,10,1.4,0.1,1.225
05-Jul,18:00,Very Severe Cyclonic Storm,148,969,15.4,76.8,82,9,0,84,26,1.3,1.2,1.225
05-Jul,18:00,Extremely Severe Cyclonic Storm,58,975,15.8,74.6,78,25,1,27,10,0.3,0.2,1.225
05-Jul,0:00,Disturbance,213,989,11.3,84.8,85,11,1,32,16,1.2,1.6,1.225
06-Jul,18:00,Severe Cyclonic Storm,62,974,14.9,77.7,76,25,14,38,11,1.4,1.5,1.225
06-Jul,18:00,Very Severe Cyclonic Storm,65,963,9.5,83.5,94,10,5,32,20,1.4,0.4,1.225
06-Jul,12:00,Cyclonic Storm,148,962,8.0,73.2,77,25,1,18,25,0.3,1.1,1.225
06-Jul,18:00,Severe Cyclonic Storm,211,977,8.7,84.4,92,16,9,18,25,0.2,1.7,1.225
07-Jul,0:00,Low Pressure Area,97,969,17.1,78.3,86,15,3,25,11,1.2,1.2,1.225
07-Jul,18:00,Severe Cyclonic Storm,206,998,12.4,82.4,93,6,6,32,14,0.9,0.4,1.225
07-Jul,6:00,Severe Cyclonic Storm,190,935,18.4,74.8,77,26,6,79,24,1.4,0.8,1.225
07-Jul,18:00,Depression,168,994,13.8,83.3,99,16,8,42,25,1.0,0.1,1.225
08-Jul,12:00,Extremely Severe Cyclonic Storm,139,984,11.8,82.6,93,18,11,57,16,1.4,1.3,1.225
08-Jul,6:00,Severe Cyclonic Storm,70,967,19.8,79.5,99,24,2,32,20,0.5,2.0,1.225
08-Jul,18:00,Severe Cyclonic Storm,48,959,11.6,76.1,83,10,0,77,10,0.4,0.3,1.225
08-Jul,18:00,Depression,102,968,12.0,73.4,85,22,3,1,10,0.3,0.5,1.225
09-Jul,12:00,Extremely Severe Cyclonic Storm,148,986,11.8,80.2,92,26,1,39,20,1.4,0.8,1.225
09-Jul,6:00,Cyclonic Storm,108,956,18.0,82.8,87,18,5,46,26,0.4,0.3,1.225
09-Jul,0:00,Disturbance,115,975,17.3,77.7,92,9,14,77,23,0.3,1.7,1.225
09-Jul,6:00,Extremely Severe Cyclonic Storm,89,980,18.4,75.7,92,8,1,13,13,1.4,0.8,1.225
10-Jul,12:00,Cyclonic Storm,218,1003,12.6,83.6,91,27,1,63,16,1.0,1.3,1.225
10-Jul,6:00,Low Pressure Area,213,975,10.7,77.9,80,6,0,62,11,0.2,0.4,1.225
10-Jul,12:00,Extremely Severe Cyclonic Storm,60,962,10.2,79.4,92,8,14,78,21,1.4,1.2,1.225
10-Jul,6:00,Low Pressure Area,134,985,11.5,83.1,98,21,1,88,11,1.0,1.3,1.225
11-Jul,12:00,Disturbance,89,942,15.6,82.8,93,9,6,9,17,0.4,0.4,1.225
11-Jul,6:00,Low Pressure Area,116,988,8.9,76.6,79,19,13,71,22,0.4,1.5,1.225
11-Jul,18:00,Severe Cyclonic Storm,197,952,18.3,83.5,84,6,6,35,18,1.5,0.3,1.225
11-Jul,12:00,Severe Cyclonic Storm,84,950,19.5,79.9,92,12,5,16,15,0.8,0.8,1.225
12-Jul,6:00,Depression,203,954,17.9,80.5,81,18,13,76,27,1.0,1.0,1.225
12-Jul,18:00,Very Severe Cyclonic Storm,92,967,12.0,84.5,78,18,0,8,26,1.2,0.4,1.225
12-Jul,6:00,Very Severe Cyclonic Storm,59,965,16.0,74.4,91,5,13,99,26,1.1,0.2,1.225
12-Jul,0:00,Very Severe Cyclonic Storm,73,937,17.7,77.1,89,17,13,58,20,0.5,0.9,1.225
13-Jul,18:00,Severe Cyclonic Storm,68,1004,9.6,74.2,80,23,14,43,21,0.9,1.8,1.225
13-Jul,18:00,Extremely Severe Cyclonic Storm,187,972,12.8,79.0,98,24,7,8,20,0.7,0.3,1.225
13-Jul,6:00,Extremely Severe Cyclonic Storm,160,941,13.0,80.7,86,17,2,38,16,0.7,1.9,1.225
13-Jul,12:00,Extremely Severe Cyclonic Storm,63,997,14.5,84.6,79,10,6,43,26,1.0,0.8,1.225
14-Jul,6:00,Severe Cyclonic Storm,196,982,11.7,84.4,92,18,3,28,11,1.1,0.1,1.225
14-Jul,18:00,Depression,49,939,11.8,82.0,77,14,0,90,14,1.0,1.7,1.225
14-Jul,18:00,Low Pressure Area,46,937,13.2,79.1,81,20,6,24,11,0.3,0.9,1.225
14-Jul,12:00,Depression,212,962,16.2,83.7,98,13,13,37,12,1.0,0.5,1.225
15-Jul,0:00,Extremely Severe Cyclonic Storm,124,955,16.4,78.4,92,4,13,23,23,1.1,1.6,1.225
15-Jul,12:00,Depression,98,999,13.3,75.2,86,8,4,71,13,1.0,0.7,1.225
15-Jul,18:00,Extremely Severe Cyclonic Storm,93,993,18.1,81.2,86,24,11,44,15,0.9,0.5,1.225
15-Jul,6:00,Extremely Severe Cyclonic Storm,189,988,16.1,78.8,81,26,7,30,25,1.5,1.2,1.225
16-Jul,0:00,Extremely Severe Cyclonic Storm,73,950,14.5,83.8,83,5,12,98,14,0.3,1.8,1.225
16-Jul,12:00,Depression,136,950,16.0,78.5,90,13,13,14,14,0.5,1.3,1.225
16-Jul,0:00,Disturbance,171,1004,8.5,76.3,87,4,2,20,11,0.7,1.8,1.225
16-Jul,12:00,Depression,72,996,20.0,75.9,79,16,1,16,11,0.8,1.1,1.225
17-Jul,0:00,Low Pressure Area,196,977,8.8,84.9,86,16,2,96,26,0.9,0.7,1.225
17-Jul,18:00,Extremely Severe Cyclonic Storm,67,968,19.6,79.4,80,18,10,96,21,0.2,0.2,1.225
17-Jul,12:00,Depression,148,965,10.7,82.3,90,13,4,68,22,0.5,0.7,1.225
17-Jul,0:00,Severe Cyclonic Storm,124,1003,15.3,84.6,88,25,6,97,13,0.2,1.4,1.225
18-Jul,6:00,Depression,181,983,20.0,83.3,98,17,0,33,20,1.4,0.8,1.225
18-Jul,12:00,Depression,124,977,8.7,82.7,86,7,12,48,19,0.3,0.8,1.225
18-Jul,6:00,Low Pressure Area,190,953,17.6,77.8,81,23,13,20,12,0.5,0.3,1.225
18-Jul,18:00,Low Pressure Area,143,975,8.2,73.5,88,4,2,46,25,0.7,0.6,1.225
19-Jul,6:00,Disturbance,86,958,17.5,79.7,88,7,9,54,16,0.6,1.4,1.225
19-Jul,18:00,Very Severe Cyclonic Storm,73,963,11.1,73.6,84,21,3,97,13,0.2,1.7,1.225
19-Jul,0:00,Cyclonic Storm,60,954,10.6,83.6,81,23,12,82,23,1.0,1.1,1.225
19-Jul,18:00,Cyclonic Storm,58,978,15.4,77.4,87,14,6,83,12,1.0,1.7,1.225
20-Jul,0:00,Disturbance,139,992,9.9,74.9,76,8,13,63,15,0.2,1.2,1.225
20-Jul,18:00,Very Severe Cyclonic Storm,52,945,10.9,83.3,93,25,12,33,25,0.2,0.3,1.225
20-Jul,12:00,Very Severe Cyclonic Storm,171,942,11.2,83.8,76,20,9,5,24,1.4,0.6,1.225
20-Jul,6:00,Severe Cyclonic Storm,190,981,14.1,77.0,83,21,9,67,11,0.4,0.3,1.225
21-Jul,18:00,Cyclonic Storm,193,951,11.2,84.9,83,19,4,83,17,0.7,1.0,1.225
21-Jul,12:00,Very Severe Cyclonic Storm,87,981,16.8,79.4,91,9,7,93,22,0.6,1.8,1.225
21-Jul,6:00,Severe Cyclonic Storm,76,937,16.6,78.3,99,18,6,16,19,0.2,1.9,1.225
21-Jul,18:00,Cyclonic Storm,153,986,13.8,80.3,90,6,2,53,13,0.5,0.7,1.225
22-Jul,0:00,Cyclonic Storm,93,994,18.2,81.3,86,13,14,75,11,1.4,0.8,1.225
22-Jul,0:00,Cyclonic Storm,87,941,8.6,74.9,98,20,8,28,21,0.3,2.0,1.225
22-Jul,0:00,Extremely Severe Cyclonic Storm,96,978,9.5,81.3,96,9,11,43,18,1.3,1.2,1.225
22-Jul,18:00,Disturbance,98,938,10.1,84.3,96,15,2,58,10,1.1,1.7,1.225
23-Jul,12:00,Cyclonic Storm,67,987,16.7,82.6,80,12,8,70,21,1.0,1.1,1.225
23-Jul,0:00,Cyclonic Storm,108,994,17.9,76.6,81,23,2,98,16,1.0,0.9,1.225
23-Jul,12:00,Extremely Severe Cyclonic Storm,108,950,11.8,82.8,75,19,2,40,22,1.3,1.9,1.225
23-Jul,0:00,Disturbance,92,1000,13.1,81.8,84,16,13,53,27,0.2,0.7,1.225
24-Jul,6:00,Severe Cyclonic Storm,91,985,11.9,74.6,93,27,8,85,24,0.7,0.2,1.225
24-Jul,0:00,Disturbance,112,979,13.3,73.3,90,19,6,30,26,0.9,1.9,1.225
24-Jul,12:00,Very Severe Cyclonic Storm,177,985,19.7,74.5,94,17,5,56,22,0.8,1.1,1.225
24-Jul,0:00,Very Severe Cyclonic Storm,107,947,12.9,74.5,78,20,0,48,17,0.7,1.1,1.225
25-Jul,0:00,Extremely Severe Cyclonic Storm,211,960,11.3,81.4,97,27,7,31,24,0.7,2.0,1.225
25-Jul,12:00,Cyclonic Storm,54,958,14.3,79.5,81,19,6,21,10,0.6,0.8,1.225
25-Jul,12:00,Depression,104,974,20.0,83.2,75,26,8,13,22,0.8,1.4,1.225
25-Jul,12:00,Very Severe Cyclonic Storm,82,968,9.9,79.0,75,4,0,30,10,1.1,1.9,1.225
26-Jul,12:00,Severe Cyclonic Storm,167,1004,10.7,74.1,96,13,6,42,13,0.9,1.6,1.225
26-Jul,6:00,Disturbance,197,945,16.1,80.7,87,10,2,12,21,1.1,1.0,1.225
26-Jul,6:00,Low Pressure Area,62,972,18.5,79.5,99,11,9,18,12,0.6,0.2,1.225
26-Jul,18:00,Disturbance,150,968,12.9,83.9,82,23,12,7,27,0.2,0.4,1.225
27-Jul,0:00,Low Pressure Area,194,950,12.2,80.1,75,10,8,90,20,0.9,1.8,1.225
27-Jul,18:00,Disturbance,96,986,19.1,80.7,77,13,6,74,13,1.1,1.0,1.225
27-Jul,12:00,Depression,57,1001,17.6,74.8,94,20,7,10,25,1.2,1.8,1.225
27-Jul,18:00,Disturbance,180,1000,17.7,76.4,76,14,7,45,25,0.5,1.3,1.225
28-Jul,6:00,Very Severe Cyclonic Storm,192,952,9.9,79.8,78,10,13,39,21,0.2,1.6,1.225
28-Jul,18:00,Cyclonic Storm,155,944,8.4,76.9,82,20,11,50,21,0.3,0.8,1.225
28-Jul,6:00,Low Pressure Area,200,956,15.3,76.1,93,6,4,44,17,1.5,1.0,1.225
28-Jul,0:00,Disturbance,194,942,11.6,78.4,83,11,9,66,25,0.4,1.2,1.225
29-Jul,12:00,Severe Cyclonic Storm,138,973,9.6,77.6,90,13,5,46,18,0.6,0.1,1.225
29-Jul,18:00,Depression,36,985,19.4,82.3,91,7,10,96,17,0.7,0.2,1.225
29-Jul,12:00,Low Pressure Area,142,996,8.8,77.1,96,24,2,21,19,1.1,0.3,1.225
29-Jul,0:00,Depression,150,988,17.4,77.7,93,17,3,42,27,0.3,1.5,1.225
30-Jul,6:00,Disturbance,55,998,12.1,82.1,91,18,0,50,22,0.3,0.9,1.225
30-Jul,12:00,Cyclonic Storm,213,994,19.2,82.1,92,27,1,39,25,1.3,1.2,1.225
30-Jul,6:00,Cyclonic Storm,157,935,18.5,74.2,99,8,2,63,25,0.5,0.8,1.225
30-Jul,0:00,Cyclonic Storm,130,995,8.6,83.2,87,26,0,50,24,0.7,1.5,1.225
31-Jul,18:00,Severe Cyclonic Storm,195,976,9.0,77.8,79,27,10,34,22,0.1,1.8,1.225
31-Jul,0:00,Low Pressure Area,177,940,11.4,76.2,85,27,12,89,14,1.5,1.8,1.225
31-Jul,12:00,Extremely Severe Cyclonic Storm,198,954,19.5,76.3,94,6,8,20,13,1.4,1.3,1.225
31-Jul,18:00,Very Severe Cyclonic Storm,118,964,18.2,75.2,77,14,6,62,22,1.3,0.2,1.225
01-Aug,6:00,Severe Cyclonic Storm,157,969,15.3,74.8,83,11,8,85,24,0.9,0.8,1.225
01-Aug,12:00,Depression,176,962,17.2,79.2,96,16,14,37,13,0.9,1.6,1.225
01-Aug,18:00,Extremely Severe Cyclonic Storm,181,950,11.1,76.3,98,21,13,67,26,0.3,1.1,1.225
01-Aug,6:00,Severe Cyclonic Storm,66,964,11.6,75.6,98,19,1,31,21,1.2,1.0,1.225
02-Aug,12:00,Extremely Severe Cyclonic Storm,166,975,14.6,76.6,96,23,13,95,11,1.4,1.0,1.225
02-Aug,18:00,Low Pressure Area,123,961,15.0,73.6,96,16,6,93,24,0.7,1.1,1.225
02-Aug,6:00,Very Severe Cyclonic Storm,135,961,17.3,77.5,82,13,2,56,15,0.9,0.5,1.225
02-Aug,18:00,Low Pressure Area,158,940,10.7,75.3,79,17,10,17,11,1.3,1.8,1.225
03-Aug,6:00,Severe Cyclonic Storm,189,959,8.4,79.4,83,8,12,96,12,1.1,0.7,1.225
03-Aug,0:00,Very Severe Cyclonic Storm,197,980,8.7,76.7,91,7,11,95,12,0.3,1.8,1.225
03-Aug,0:00,Extremely Severe Cyclonic Storm,213,999,9.8,83.7,98,6,8,68,26,1.4,1.7,1.225
03-Aug,18:00,Extremely Severe Cyclonic Storm,110,939,11.3,79.8,83,12,2,41,14,1.3,1.3,1.225
04-Aug,0:00,Severe Cyclonic Storm,75,995,13.0,83.4,95,17,5,56,20,0.8,0.6,1.225
04-Aug,18:00,Extremely Severe Cyclonic Storm,210,974,16.6,74.2,86,11,12,32,25,1.1,1.5,1.225
04-Aug,0:00,Depression,174,997,16.7,76.0,99,17,14,17,11,1.1,0.4,1.225
04-Aug,0:00,Cyclonic Storm,43,943,10.6,75.5,77,16,7,81,26,1.0,1.7,1.225
05-Aug,0:00,Cyclonic Storm,198,981,11.8,78.9,90,11,7,73,12,1.2,1.4,1.225
05-Aug,0:00,Cyclonic Storm,217,975,13.6,84.2,99,6,3,77,14,1.0,0.9,1.225
05-Aug,18:00,Severe Cyclonic Storm,179,996,14.7,74.3,89,25,5,14,11,0.9,1.1,1.225
05-Aug,18:00,Extremely Severe Cyclonic Storm,109,963,13.2,79.5,86,7,0,94,14,0.9,0.2,1.225
06-Aug,18:00,Very Severe Cyclonic Storm,144,972,14.5,75.5,82,13,10,4,22,1.2,1.7,1.225
06-Aug,6:00,Cyclonic Storm,43,984,9.1,79.2,95,7,7,43,16,1.4,0.4,1.225
06-Aug,0:00,Severe Cyclonic Storm,40,947,9.6,82.3,96,6,2,12,14,0.7,1.0,1.225
06-Aug,0:00,Low Pressure Area,69,968,11.6,77.1,91,26,14,87,25,0.5,1.7,1.225
07-Aug,12:00,Severe Cyclonic Storm,188,951,10.8,73.4,81,13,1,47,12,0.6,1.7,1.225
07-Aug,6:00,Very Severe Cyclonic Storm,104,980,19.4,81.3,78,21,8,70,11,0.7,1.1,1.225
07-Aug,12:00,Very Severe Cyclonic Storm,213,974,13.0,82.2,76,16,5,67,19,0.8,1.9,1.225
07-Aug,18:00,Disturbance,159,948,9.8,80.8,81,19,0,38,23,1.2,1.5,1.225
08-Aug,0:00,Cyclonic Storm,70,993,12.3,83.8,90,7,1,32,16,0.9,0.8,1.225
08-Aug,0:00,Low Pressure Area,108,951,19.4,82.3,76,9,7,27,10,1.5,1.7,1.225
08-Aug,18:00,Very Severe Cyclonic Storm,101,987,12.2,77.1,82,16,9,11,24,1.1,0.2,1.225
08-Aug,12:00,Low Pressure Area,63,978,8.7,76.6,92,25,1,76,21,1.2,1.2,1.225
09-Aug,12:00,Depression,156,999,15.8,73.9,83,11,12,34,23,0.8,1.7,1.225
09-Aug,6:00,Severe Cyclonic Storm,138,994,17.5,73.6,90,12,5,88,27,0.2,0.6,1.225
09-Aug,0:00,Depression,76,952,11.9,81.0,88,26,1,79,19,0.3,1.4,1.225
09-Aug,6:00,Low Pressure Area,192,959,17.3,79.5,75,12,4,81,14,1.0,1.1,1.225
10-Aug,18:00,Severe Cyclonic Storm,72,997,8.1,77.4,82,13,3,47,22,1.4,1.1,1.225
10-Aug,18:00,Cyclonic Storm,212,1000,11.1,78.7,92,27,10,35,21,0.9,1.1,1.225
10-Aug,12:00,Severe Cyclonic Storm,114,938,12.3,80.0,85,20,14,72,22,0.8,0.6,1.225
10-Aug,18:00,Severe Cyclonic Storm,56,945,12.0,83.1,83,5,14,63,27,0.9,1.7,1.225
11-Aug,0:00,Disturbance,63,990,18.2,75.6,89,26,10,59,23,1.3,1.4,1.225
11-Aug,18:00,Severe Cyclonic Storm,143,952,17.9,77.0,88,12,1,73,15,1.0,1.9,1.225
11-Aug,6:00,Extremely Severe Cyclonic Storm,110,999,17.5,76.7,95,5,9,79,25,0.4,2.0,1.225
11-Aug,12:00,Low Pressure Area,206,987,19.1,74.5,75,7,13,54,14,0.6,0.9,1.225
12-Aug,0:00,Very Severe Cyclonic Storm,100,960,11.1,84.0,99,23,7,80,10,0.3,0.6,1.225
12-Aug,6:00,Extremely Severe Cyclonic Storm,106,995,14.6,84.3,95,25,14,69,18,0.4,0.9,1.225
12-Aug,6:00,Severe Cyclonic Storm,186,963,12.6,74.5,93,10,5,92,22,0.6,1.3,1.225
12-Aug,12:00,Cyclonic Storm,134,1003,12.4,82.0,86,7,11,95,18,0.8,1.9,1.225
13-Aug,18:00,Disturbance,89,946,13.1,82.2,91,13,12,57,15,0.8,0.4,1.225
13-Aug,0:00,Disturbance,125,989,12.7,79.6,99,11,1,12,13,0.1,0.2,1.225
13-Aug,6:00,Cyclonic Storm,194,946,10.2,75.2,90,8,0,78,23,0.2,1.0,1.225
13-Aug,0:00,Severe Cyclonic Storm,47,945,13.0,77.4,98,4,11,33,19,1.3,0.8,1.225
14-Aug,0:00,Cyclonic Storm,143,966,17.6,81.1,98,19,11,66,16,1.0,1.2,1.225
14-Aug,12:00,Low Pressure Area,119,962,18.2,80.1,88,21,1,10,19,0.5,0.4,1.225
14-Aug,12:00,Severe Cyclonic Storm,130,975,19.3,82.7,88,15,8,80,23,1.0,0.2,1.225
14-Aug,12:00,Severe Cyclonic Storm,134,943,18.3,76.9,95,4,14,75,21,1.0,1.9,1.225
15-Aug,12:00,Very Severe Cyclonic Storm,51,1003,16.2,73.1,80,16,12,66,16,0.5,0.8,1.225
15-Aug,0:00,Cyclonic Storm,115,988,12.6,74.0,83,19,4,99,16,0.6,0.2,1.225
15-Aug,12:00,Very Severe Cyclonic Storm,214,955,14.5,81.2,90,22,7,16,21,1.2,1.8,1.225
15-Aug,12:00,Cyclonic Storm,73,950,19.5,79.5,79,14,8,98,25,1.1,0.8,1.225
16-Aug,6:00,Extremely Severe Cyclonic Storm,218,952,14.9,78.6,96,22,0,38,27,1.5,0.5,1.225
16-Aug,18:00,Very Severe Cyclonic Storm,113,943,14.3,81.5,84,10,8,9,24,1.1,0.2,1.225
16-Aug,12:00,Extremely Severe Cyclonic Storm,219,988,12.9,84.7,88,23,0,75,14,0.2,1.6,1.225
16-Aug,0:00,Extremely Severe Cyclonic Storm,168,1003,8.4,77.7,92,20,13,14,15,0.2,1.3,1.225
17-Aug,6:00,Extremely Severe Cyclonic Storm,110,961,15.0,80.0,88,8,5,87,26,0.8,0.6,1.225
17-Aug,12:00,Low Pressure Area,146,983,8.4,81.1,88,20,9,80,16,0.3,1.8,1.225
17-Aug,6:00,Very Severe Cyclonic Storm,173,971,10.6,81.3,89,8,7,77,15,0.9,1.5,1.225
17-Aug,18:00,Disturbance,44,993,17.5,79.4,77,27,5,46,10,1.2,0.9,1.225
18-Aug,18:00,Very Severe Cyclonic Storm,132,948,17.5,75.7,93,9,2,32,11,0.9,1.1,1.225
18-Aug,0:00,Disturbance,175,976,10.7,80.5,82,27,6,6,21,1.2,0.4,1.225
18-Aug,12:00,Cyclonic Storm,114,967,8.0,84.7,75,26,4,79,24,0.9,0.6,1.225
18-Aug,6:00,Depression,51,937,18.6,85.0,93,11,8,81,22,1.2,0.6,1.225
19-Aug,12:00,Extremely Severe Cyclonic Storm,133,938,12.2,77.2,76,19,11,4,10,1.5,1.7,1.225
19-Aug,0:00,Very Severe Cyclonic Storm,120,983,11.1,74.9,86,20,2,57,13,0.3,0.6,1.225
19-Aug,0:00,Disturbance,190,968,14.1,77.9,78,14,12,6,12,1.4,1.4,1.225
19-Aug,6:00,Disturbance,119,962,13.3,83.5,94,12,2,47,16,0.3,1.0,1.225
20-Aug,0:00,Cyclonic Storm,42,955,16.7,80.7,78,21,5,28,23,1.0,0.7,1.225
20-Aug,12:00,Extremely Severe Cyclonic Storm,92,944,8.5,78.3,89,5,12,42,11,1.0,0.8,1.225
20-Aug,12:00,Very Severe Cyclonic Storm,207,972,14.6,73.7,75,21,13,62,15,1.2,1.2,1.225
20-Aug,0:00,Low Pressure Area,194,935,13.6,73.7,83,10,4,87,23,1.0,1.3,1.225
21-Aug,6:00,Cyclonic Storm,136,941,18.4,81.4,92,13,8,54,18,0.3,0.9,1.225
21-Aug,6:00,Disturbance,41,958,13.0,74.1,98,19,13,54,21,0.5,0.9,1.225
21-Aug,18:00,Very Severe Cyclonic Storm,77,939,13.7,80.4,92,6,14,32,23,1.3,1.2,1.225
21-Aug,12:00,Low Pressure Area,38,978,15.0,74.3,99,13,3,1,21,0.4,0.5,1.225
22-Aug,18:00,Low Pressure Area,180,1001,17.0,77.6,78,27,11,45,12,1.0,0.2,1.225
22-Aug,18:00,Low Pressure Area,172,994,12.5,84.5,91,14,1,35,20,0.9,0.9,1.225
22-Aug,18:00,Severe Cyclonic Storm,169,937,11.8,79.6,91,5,0,68,25,0.3,1.7,1.225
22-Aug,0:00,Low Pressure Area,116,996,10.1,73.2,97,14,8,38,24,0.8,1.2,1.225
23-Aug,0:00,Cyclonic Storm,169,999,19.2,78.7,86,11,4,64,18,0.9,1.1,1.225
23-Aug,0:00,Very Severe Cyclonic Storm,180,985,15.0,80.1,84,22,11,58,17,1.2,0.2,1.225
23-Aug,0:00,Severe Cyclonic Storm,165,965,11.4,80.3,77,7,8,20,26,0.7,0.4,1.225
23-Aug,6:00,Disturbance,47,958,8.2,73.1,96,23,9,10,14,0.9,0.7,1.225
24-Aug,0:00,Low Pressure Area,126,966,13.8,77.9,79,6,7,12,14,0.2,1.9,1.225
24-Aug,18:00,Extremely Severe Cyclonic Storm,147,983,8.5,82.7,95,4,6,58,10,0.3,1.6,1.225
24-Aug,0:00,Depression,100,935,18.8,73.7,93,6,2,16,19,0.2,1.1,1.225
24-Aug,12:00,Very Severe Cyclonic Storm,175,1000,16.2,78.6,75,13,7,34,21,0.5,0.3,1.225
25-Aug,0:00,Cyclonic Storm,81,997,19.7,81.9,92,20,5,22,15,1.0,0.4,1.225
25-Aug,6:00,Low Pressure Area,155,970,18.0,84.0,84,5,12,78,25,0.9,0.5,1.225
25-Aug,6:00,Depression,156,1004,11.8,83.5,91,21,10,32,16,1.0,0.4,1.225
25-Aug,0:00,Disturbance,104,989,14.0,74.1,81,12,1,98,17,1.4,1.3,1.225
26-Aug,12:00,Depression,113,956,8.8,79.4,89,25,0,30,14,0.3,0.9,1.225
26-Aug,12:00,Severe Cyclonic Storm,55,995,9.5,73.4,95,23,0,90,10,1.1,1.6,1.225
26-Aug,6:00,Severe Cyclonic Storm,84,971,19.4,81.9,84,15,6,57,22,0.9,2.0,1.225
26-Aug,6:00,Depression,81,958,19.7,78.2,83,26,12,74,12,1.3,1.3,1.225
27-Aug,18:00,Disturbance,53,945,9.4,84.0,83,22,2,98,21,1.0,0.9,1.225
27-Aug,18:00,Very Severe Cyclonic Storm,106,951,14.2,79.0,90,19,7,81,16,0.6,1.4,1.225
27-Aug,0:00,Very Severe Cyclonic Storm,81,951,18.6,77.6,97,14,8,39,13,0.5,0.4,1.225
27-Aug,12:00,Severe Cyclonic Storm,178,937,17.3,77.9,92,8,1,13,24,1.0,0.3,1.225
28-Aug,0:00,Very Severe Cyclonic Storm,52,983,8.5,81.7,89,8,13,52,13,0.3,0.9,1.225
28-Aug,18:00,Disturbance,213,984,18.8,79.5,84,11,5,70,20,0.7,0.5,1.225
28-Aug,12:00,Extremely Severe Cyclonic Storm,185,949,8.7,82.1,75,24,5,62,11,0.6,1.6,1.225
28-Aug,12:00,Very Severe Cyclonic Storm,49,939,13.6,76.9,77,11,7,17,15,1.0,1.5,1.225
29-Aug,0:00,Extremely Severe Cyclonic Storm,144,995,10.5,81.7,97,20,5,66,11,0.6,1.0,1.225
29-Aug,0:00,Low Pressure Area,188,972,12.4,82.8,90,4,4,15,18,0.9,1.2,1.225
29-Aug,12:00,Cyclonic Storm,66,968,14.5,78.6,85,19,14,40,19,0.9,0.4,1.225
29-Aug,18:00,Low Pressure Area,199,999,19.2,76.1,81,5,7,39,11,0.2,1.1,1.225
30-Aug,12:00,Cyclonic Storm,75,997,12.1,83.6,75,20,10,89,26,1.2,1.5,1.225
30-Aug,12:00,Severe Cyclonic Storm,128,976,16.9,74.3,82,24,4,38,16,1.2,0.8,1.225
30-Aug,0:00,Very Severe Cyclonic Storm,161,944,19.3,83.2,92,15,0,99,16,0.4,0.3,1.225
30-Aug,0:00,Very Severe Cyclonic Storm,184,955,17.8,83.9,97,27,0,75,12,0.2,1.4,1.225
31-Aug,18:00,Very Severe Cyclonic Storm,130,988,13.3,77.0,90,26,12,53,10,1.0,1.3,1.225
31-Aug,6:00,Very Severe Cyclonic Storm,59,940,19.9,84.2,85,22,1,74,23,1.4,1.5,1.225
31-Aug,6:00,Disturbance,49,942,12.9,81.3,77,19,2,30,10,0.9,1.4,1.225
31-Aug,12:00,Severe Cyclonic Storm,214,972,11.4,84.0,79,20,10,6,16,1.0,1.1,1.225
01-Sep,12:00,Low Pressure Area,57,993,18.7,82.3,90,22,10,56,10,0.9,1.1,1.225
01-Sep,0:00,Depression,101,997,15.2,80.0,89,24,2,17,23,0.2,0.8,1.225
01-Sep,12:00,Depression,214,998,19.8,74.0,89,7,5,24,17,0.2,1.3,1.225
01-Sep,6:00,Low Pressure Area,72,940,17.9,75.1,94,5,1,28,21,0.5,0.9,1.225
02-Sep,0:00,Cyclonic Storm,59,941,16.6,74.9,95,15,6,49,21,0.7,0.7,1.225
02-Sep,6:00,Severe Cyclonic Storm,87,935,16.2,81.1,87,19,0,85,12,1.1,0.7,1.225
02-Sep,18:00,Very Severe Cyclonic Storm,64,963,18.8,79.6,97,26,2,17,18,0.6,1.9,1.225
02-Sep,6:00,Very Severe Cyclonic Storm,70,952,8.8,79.8,92,20,2,98,10,0.6,0.2,1.225
03-Sep,12:00,Very Severe Cyclonic Storm,77,977,13.8,74.3,86,25,7,83,11,0.9,2.0,1.225
03-Sep,6:00,Very Severe Cyclonic Storm,131,949,13.4,77.7,75,20,0,78,22,0.5,0.3,1.225
03-Sep,12:00,Extremely Severe Cyclonic Storm,70,971,12.5,73.3,75,13,14,19,24,0.9,1.8,1.225
03-Sep,0:00,Severe Cyclonic Storm,217,936,13.4,78.2,95,7,7,19,18,0.6,1.6,1.225
04-Sep,6:00,Depression,72,951,13.1,76.5,91,25,3,94,19,1.5,0.8,1.225
04-Sep,0:00,Disturbance,67,1004,17.2,75.0,88,23,10,90,18,0.6,1.2,1.225
04-Sep,18:00,Severe Cyclonic Storm,69,952,8.8,81.8,86,21,3,82,12,0.2,1.7,1.225
04-Sep,0:00,Low Pressure Area,155,982,19.4,81.9,84,14,0,51,15,1.4,1.3,1.225
05-Sep,6:00,Low Pressure Area,191,989,15.1,73.9,93,19,6,55,18,0.7,0.6,1.225
05-Sep,18:00,Disturbance,159,965,18.7,76.6,98,7,0,54,12,0.3,0.3,1.225
05-Sep,18:00,Severe Cyclonic Storm,175,951,12.3,75.7,77,27,3,12,18,0.8,1.4,1.225
05-Sep,6:00,Depression,40,1004,11.9,78.1,83,9,8,26,14,0.3,0.2,1.225
06-Sep,12:00,Disturbance,128,941,12.2,77.7,94,26,6,89,27,0.5,0.4,1.225
06-Sep,18:00,Depression,40,997,17.3,77.2,91,6,1,59,18,0.8,2.0,1.225
06-Sep,0:00,Cyclonic Storm,157,953,16.9,82.1,80,13,3,99,27,0.6,0.7,1.225
06-Sep,12:00,Severe Cyclonic Storm,214,939,9.1,74.7,78,22,13,42,10,1.3,0.7,1.225
07-Sep,18:00,Very Severe Cyclonic Storm,212,955,15.8,74.6,87,26,8,96,10,1.2,1.9,1.225
07-Sep,0:00,Cyclonic Storm,37,966,19.1,75.2,91,11,5,87,21,0.6,1.2,1.225
07-Sep,12:00,Depression,128,968,13.1,76.4,99,21,6,85,15,0.9,0.7,1.225
07-Sep,6:00,Disturbance,145,951,13.0,78.7,99,24,6,42,17,0.4,1.5,1.225
08-Sep,12:00,Low Pressure Area,90,965,13.6,74.9,84,19,3,82,23,1.0,1.7,1.225
08-Sep,6:00,Low Pressure Area,207,985,9.8,80.6,96,19,1,99,17,0.2,1.1,1.225
08-Sep,12:00,Depression,206,940,19.0,84.4,82,9,14,23,12,1.1,0.1,1.225
08-Sep,6:00,Extremely Severe Cyclonic Storm,133,997,9.1,79.8,97,22,3,81,20,0.6,1.3,1.225
09-Sep,0:00,Low Pressure Area,191,978,15.6,81.2,93,13,13,19,25,0.7,1.5,1.225
09-Sep,18:00,Low Pressure Area,170,953,18.6,77.0,87,15,0,65,16,0.5,0.3,1.225
09-Sep,12:00,Low Pressure Area,192,976,12.2,80.0,89,17,6,89,10,1.3,1.9,1.225
09-Sep,6:00,Disturbance,157,985,17.6,84.3,77,10,4,38,12,0.4,0.6,1.225
10-Sep,18:00,Extremely Severe Cyclonic Storm,219,959,8.1,80.3,98,18,12,54,24,0.1,0.2,1.225
10-Sep,18:00,Very Severe Cyclonic Storm,217,960,17.7,75.5,81,9,7,27,24,0.1,1.3,1.225
10-Sep,6:00,Severe Cyclonic Storm,70,935,18.9,80.6,96,8,6,26,12,0.4,1.8,1.225
10-Sep,12:00,Severe Cyclonic Storm,81,960,14.6,73.4,86,12,7,15,18,0.5,1.4,1.225
11-Sep,12:00,Disturbance,176,942,12.5,73.3,95,22,13,29,14,0.2,1.1,1.225
11-Sep,0:00,Depression,62,966,16.7,81.5,86,23,8,18,18,1.3,0.3,1.225
11-Sep,0:00,Severe Cyclonic Storm,156,993,9.5,73.7,93,6,5,26,23,0.2,1.0,1.225
11-Sep,6:00,Cyclonic Storm,211,942,12.4,75.6,84,12,4,96,16,0.3,0.3,1.225
12-Sep,18:00,Disturbance,166,937,13.1,83.5,91,17,8,45,25,0.7,0.9,1.225
12-Sep,0:00,Low Pressure Area,211,992,14.2,79.2,89,7,13,38,19,0.5,1.6,1.225
12-Sep,12:00,Cyclonic Storm,174,1002,17.5,82.6,87,19,5,35,26,0.9,1.8,1.225
12-Sep,0:00,Cyclonic Storm,185,990,8.3,78.2,94,16,7,76,26,1.3,1.9,1.225
13-Sep,6:00,Very Severe Cyclonic Storm,39,998,15.4,79.8,76,8,1,96,24,0.8,0.2,1.225
13-Sep,6:00,Depression,139,983,13.2,77.5,96,16,8,15,23,1.2,0.2,1.225
13-Sep,12:00,Depression,135,968,16.1,78.5,88,8,5,40,26,0.6,1.4,1.225
13-Sep,6:00,Extremely Severe Cyclonic Storm,124,954,9.7,74.1,99,20,2,66,26,1.4,0.6,1.225
14-Sep,6:00,Depression,198,962,12.9,76.6,99,18,10,45,19,0.6,1.8,1.225
14-Sep,0:00,Disturbance,135,944,16.7,83.3,75,11,7,90,17,0.4,0.2,1.225
14-Sep,6:00,Cyclonic Storm,171,982,17.4,77.0,78,15,7,72,26,0.6,2.0,1.225
14-Sep,18:00,Depression,163,951,10.6,79.0,78,6,5,35,14,0.8,1.3,1.225
15-Sep,12:00,Severe Cyclonic Storm,218,960,14.7,79.5,94,25,0,13,22,1.1,1.2,1.225
15-Sep,12:00,Severe Cyclonic Storm,133,958,19.5,84.2,78,19,14,87,23,1.2,1.8,1.225
15-Sep,18:00,Low Pressure Area,161,994,9.8,82.4,86,5,1,41,23,0.2,1.4,1.225
15-Sep,6:00,Severe Cyclonic Storm,63,990,8.3,78.0,87,7,1,33,13,1.2,1.7,1.225
16-Sep,0:00,Very Severe Cyclonic Storm,194,943,10.2,74.6,93,12,7,1,24,1.4,0.2,1.225
16-Sep,18:00,Severe Cyclonic Storm,51,974,16.8,81.9,77,7,2,54,18,0.2,1.2,1.225
16-Sep,18:00,Severe Cyclonic Storm,120,939,15.4,80.8,99,23,14,13,19,1.4,1.5,1.225
16-Sep,6:00,Extremely Severe Cyclonic Storm,99,992,15.8,73.1,92,12,9,32,25,0.6,0.9,1.225
17-Sep,0:00,Cyclonic Storm,73,987,12.6,78.4,95,15,7,78,22,1.0,0.5,1.225
17-Sep,0:00,Very Severe Cyclonic Storm,176,976,19.5,77.4,79,14,13,97,20,1.0,0.3,1.225
17-Sep,6:00,Severe Cyclonic Storm,41,982,9.3,82.5,84,27,13,11,15,1.2,1.9,1.225
17-Sep,18:00,Low Pressure Area,49,979,13.6,84.1,87,20,5,33,21,1.0,1.2,1.225
18-Sep,12:00,Extremely Severe Cyclonic Storm,47,939,15.3,84.6,98,18,10,16,27,1.4,0.3,1.225
18-Sep,18:00,Cyclonic Storm,52,990,15.2,79.4,92,10,4,30,19,1.1,1.9,1.225
18-Sep,6:00,Extremely Severe Cyclonic Storm,144,953,11.0,82.1,91,24,7,64,26,1.4,2.0,1.225
18-Sep,0:00,Extremely Severe Cyclonic Storm,184,966,16.9,81.8,95,16,11,65,19,1.2,1.1,1.225
19-Sep,18:00,Depression,145,972,12.2,82.7,87,12,11,66,23,0.1,1.8,1.225
19-Sep,6:00,Severe Cyclonic Storm,209,993,8.6,76.6,95,21,5,1,26,0.8,0.5,1.225
19-Sep,0:00,Severe Cyclonic Storm,127,1004,15.6,76.6,85,26,1,75,27,0.7,0.1,1.225
19-Sep,0:00,Disturbance,189,972,9.5,73.5,77,16,1,67,18,1.1,1.7,1.225
20-Sep,12:00,Extremely Severe Cyclonic Storm,214,943,15.9,83.9,76,16,2,53,17,1.2,1.6,1.225
20-Sep,6:00,Low Pressure Area,196,999,11.5,74.3,99,9,3,34,12,1.1,1.8,1.225
20-Sep,18:00,Severe Cyclonic Storm,61,992,16.9,77.9,93,21,2,77,15,0.6,0.7,1.225
20-Sep,0:00,Cyclonic Storm,59,936,14.9,84.4,83,21,3,68,18,1.4,0.3,1.225
21-Sep,12:00,Depression,86,981,17.6,75.3,82,15,13,88,12,0.8,1.8,1.225
21-Sep,18:00,Disturbance,141,946,18.2,82.8,78,7,0,44,11,1.2,0.7,1.225
21-Sep,6:00,Depression,108,956,16.3,75.7,94,10,14,20,19,0.3,1.2,1.225
21-Sep,18:00,Very Severe Cyclonic Storm,87,1002,15.4,81.0,75,24,3,86,13,1.0,1.9,1.225
22-Sep,6:00,Extremely Severe Cyclonic Storm,55,991,14.2,78.0,95,16,8,15,18,0.7,0.6,1.225
22-Sep,6:00,Very Severe Cyclonic Storm,155,973,14.7,78.4,87,17,5,62,18,1.4,1.0,1.225
22-Sep,0:00,Severe Cyclonic Storm,36,957,13.6,78.7,97,7,0,53,11,1.4,1.6,1.225
22-Sep,0:00,Extremely Severe Cyclonic Storm,112,957,10.4,73.2,92,16,14,55,23,0.5,1.7,1.225
23-Sep,6:00,Severe Cyclonic Storm,38,939,10.2,75.2,75,14,12,38,18,0.7,1.3,1.225
23-Sep,12:00,Depression,204,993,15.7,78.0,79,8,12,8,13,0.8,0.5,1.225
23-Sep,12:00,Depression,74,961,8.5,83.7,79,4,0,35,12,1.1,0.6,1.225
23-Sep,18:00,Very Severe Cyclonic Storm,204,966,19.1,82.3,95,4,10,11,25,0.8,1.9,1.225
24-Sep,18:00,Cyclonic Storm,115,955,11.1,82.4,76,15,8,75,11,0.4,0.7,1.225
24-Sep,6:00,Low Pressure Area,113,980,12.8,80.3,86,24,14,14,16,1.1,0.5,1.225
24-Sep,12:00,Cyclonic Storm,175,974,15.2,75.1,75,8,6,51,12,1.0,1.6,1.225
24-Sep,18:00,Low Pressure Area,61,972,14.0,73.2,97,9,11,65,10,0.2,0.9,1.225
25-Sep,0:00,Very Severe Cyclonic Storm,195,978,14.6,73.1,91,24,12,56,21,0.6,1.7,1.225
25-Sep,0:00,Disturbance,55,968,18.4,83.6,80,11,12,61,22,0.9,0.2,1.225
25-Sep,18:00,Very Severe Cyclonic Storm,119,1002,9.7,84.0,80,15,10,4,14,0.9,1.9,1.225
25-Sep,6:00,Severe Cyclonic Storm,119,937,14.0,79.8,94,12,4,45,11,1.3,1.2,1.225
26-Sep,18:00,Severe Cyclonic Storm,37,995,18.3,84.0,92,25,6,8,10,1.3,1.0,1.225
26-Sep,12:00,Severe Cyclonic Storm,118,997,18.3,82.9,99,18,13,14,15,1.3,0.6,1.225
26-Sep,12:00,Depression,46,992,9.8,79.3,90,17,2,59,16,1.2,1.7,1.225
26-Sep,0:00,Depression,191,991,19.2,79.5,92,21,4,72,12,1.1,1.6,1.225
27-Sep,12:00,Severe Cyclonic Storm,59,980,9.9,84.1,96,23,10,8,20,1.4,1.8,1.225
27-Sep,0:00,Extremely Severe Cyclonic Storm,200,947,12.9,83.1,82,14,9,4,25,0.6,1.8,1.225
27-Sep,6:00,Extremely Severe Cyclonic Storm,125,975,19.5,81.5,95,9,1,47,15,0.1,0.1,1.225
27-Sep,18:00,Cyclonic Storm,66,965,9.4,78.7,81,6,3,63,23,1.4,0.2,1.225
28-Sep,12:00,Extremely Severe Cyclonic Storm,60,1000,10.3,75.2,88,10,9,49,20,0.8,0.5,1.225
28-Sep,0:00,Very Severe Cyclonic Storm,109,996,18.2,75.6,82,4,7,54,24,0.3,1.6,1.225
28-Sep,6:00,Low Pressure Area,59,986,12.5,80.4,86,23,9,6,21,0.7,1.2,1.225
28-Sep,12:00,Severe Cyclonic Storm,169,975,17.5,74.0,84,23,14,47,14,1.1,0.5,1.225
29-Sep,18:00,Severe Cyclonic Storm,194,943,13.7,82.3,84,17,9,37,22,0.4,0.2,1.225
29-Sep,0:00,Depression,175,950,12.9,83.1,83,17,1,14,12,1.1,1.3,1.225
29-Sep,18:00,Severe Cyclonic Storm,214,965,16.2,82.5,89,9,3,50,16,1.2,1.9,1.225
29-Sep,6:00,Cyclonic Storm,205,1001,10.9,75.8,90,10,6,16,25,0.4,1.8,1.225
30-Sep,12:00,Depression,99,975,8.3,75.1,90,24,7,35,13,1.5,1.3,1.225
30-Sep,12:00,Extremely Severe Cyclonic Storm,67,960,9.6,76.5,95,26,6,48,12,1.5,0.1,1.225
30-Sep,18:00,Cyclonic Storm,114,984,16.3,83.1,90,24,13,15,11,1.1,0.2,1.225
30-Sep,0:00,Disturbance,136,997,17.5,83.5,75,13,12,41,22,1.4,0.3,1.225
01-Oct,12:00,Low Pressure Area,39,1004,9.9,76.8,88,20,14,59,16,0.8,1.2,1.225
01-Oct,6:00,Disturbance,156,980,10.0,73.3,94,19,3,98,18,0.2,1.7,1.225
01-Oct,0:00,Extremely Severe Cyclonic Storm,197,976,13.9,82.7,77,8,0,83,22,0.5,1.4,1.225
01-Oct,6:00,Extremely Severe Cyclonic Storm,172,999,14.7,80.8,96,21,4,95,14,0.1,0.2,1.225
02-Oct,0:00,Severe Cyclonic Storm,71,974,10.4,79.8,79,25,11,2,13,0.9,2.0,1.225
02-Oct,12:00,Depression,58,1002,14.2,83.3,93,23,14,98,14,0.9,0.2,1.225
02-Oct,18:00,Disturbance,112,958,15.2,73.8,84,26,3,61,10,0.3,0.3,1.225
02-Oct,0:00,Severe Cyclonic Storm,161,956,10.3,81.7,76,8,0,72,20,1.1,0.3,1.225
03-Oct,6:00,Extremely Severe Cyclonic Storm,130,993,8.4,74.9,89,20,13,85,12,0.2,1.7,1.225
03-Oct,0:00,Disturbance,77,960,17.6,76.6,77,18,1,93,24,0.2,2.0,1.225
03-Oct,6:00,Cyclonic Storm,133,977,19.1,79.3,87,5,5,88,16,0.2,1.7,1.225
03-Oct,12:00,Very Severe Cyclonic Storm,120,985,10.5,76.9,85,27,0,97,19,0.2,0.6,1.225
04-Oct,12:00,Disturbance,160,994,17.9,79.0,95,7,6,54,22,0.5,0.8,1.225
04-Oct,12:00,Extremely Severe Cyclonic Storm,168,988,10.9,75.3,75,26,2,8,26,0.4,0.3,1.225
04-Oct,12:00,Low Pressure Area,80,969,15.0,80.4,79,10,7,26,19,1.4,1.8,1.225
04-Oct,0:00,Very Severe Cyclonic Storm,182,992,11.3,76.8,78,20,5,39,27,0.4,0.7,1.225
05-Oct,6:00,Extremely Severe Cyclonic Storm,115,1003,12.4,79.6,96,14,10,6,15,0.3,1.6,1.225
05-Oct,0:00,Severe Cyclonic Storm,187,936,11.3,77.5,94,10,12,4,18,0.3,0.3,1.225
05-Oct,18:00,Cyclonic Storm,75,981,17.7,74.5,88,5,11,2,24,0.2,1.9,1.225
05-Oct,18:00,Severe Cyclonic Storm,158,986,14.8,81.5,79,14,10,81,23,0.7,1.1,1.225
06-Oct,0:00,Depression,149,1003,18.8,78.2,88,26,5,31,23,0.4,0.9,1.225
06-Oct,0:00,Very Severe Cyclonic Storm,106,949,17.8,74.2,81,26,6,54,18,0.3,0.4,1.225
06-Oct,12:00,Very Severe Cyclonic Storm,171,947,14.1,84.1,84,25,2,2,23,1.1,0.3,1.225
06-Oct,18:00,Severe Cyclonic Storm,143,938,15.1,79.9,90,9,8,64,21,0.8,0.1,1.225
07-Oct,18:00,Cyclonic Storm,74,974,12.1,79.6,76,17,5,47,23,1.4,0.7,1.225
07-Oct,18:00,Depression,95,968,17.7,81.6,91,14,4,36,25,0.9,1.1,1.225
07-Oct,12:00,Disturbance,151,983,14.2,77.7,99,26,11,81,23,0.5,1.5,1.225
07-Oct,12:00,Cyclonic Storm,105,940,12.2,78.4,81,4,14,68,11,1.3,0.5,1.225
08-Oct,12:00,Depression,43,959,13.8,83.4,81,4,3,59,16,1.3,0.7,1.225
08-Oct,18:00,Severe Cyclonic Storm,97,943,17.5,78.4,88,10,10,79,24,0.3,1.8,1.225
08-Oct,18:00,Cyclonic Storm,104,938,14.7,78.8,76,7,8,93,23,1.2,0.8,1.225
08-Oct,12:00,Extremely Severe Cyclonic Storm,195,1000,9.1,74.6,88,25,0,67,27,1.2,0.9,1.225
09-Oct,12:00,Very Severe Cyclonic Storm,37,999,13.9,78.4,92,16,7,23,19,1.5,1.3,1.225
09-Oct,6:00,Cyclonic Storm,118,952,13.2,79.1,79,4,9,4,27,1.3,1.6,1.225
09-Oct,0:00,Low Pressure Area,46,961,12.8,82.5,88,13,4,88,27,1.2,2.0,1.225
09-Oct,18:00,Low Pressure Area,206,997,14.5,77.6,86,15,14,66,14,1.0,1.7,1.225
10-Oct,6:00,Extremely Severe Cyclonic Storm,156,967,16.9,82.2,89,18,1,20,22,0.1,0.2,1.225
10-Oct,0:00,Severe Cyclonic Storm,148,968,9.2,78.7,86,24,3,25,15,1.5,1.7,1.225
10-Oct,18:00,Cyclonic Storm,160,1000,12.4,81.2,93,25,11,70,22,0.8,1.5,1.225
10-Oct,12:00,Cyclonic Storm,97,966,8.1,81.3,86,27,9,52,25,1.4,0.8,1.225
11-Oct,18:00,Disturbance,109,986,19.8,78.8,90,20,10,88,25,1.2,0.7,1.225
11-Oct,18:00,Severe Cyclonic Storm,61,957,8.9,83.1,85,20,13,91,26,1.0,1.9,1.225
11-Oct,0:00,Cyclonic Storm,154,963,10.8,73.3,85,4,0,94,18,1.4,1.5,1.225
11-Oct,18:00,Severe Cyclonic Storm,49,1001,18.6,83.2,85,6,0,35,17,1.1,0.9,1.225
12-Oct,18:00,Very Severe Cyclonic Storm,113,949,16.9,77.8,84,27,13,95,17,0.3,0.7,1.225
12-Oct,0:00,Cyclonic Storm,59,937,11.8,74.1,90,13,7,2,14,0.4,1.3,1.225
12-Oct,12:00,Cyclonic Storm,125,977,9.1,82.3,78,25,1,87,15,0.1,0.8,1.225
12-Oct,6:00,Extremely Severe Cyclonic Storm,199,958,15.8,79.1,92,16,0,54,18,1.0,0.4,1.225
13-Oct,6:00,Depression,146,993,14.6,74.1,86,6,4,63,10,0.7,0.1,1.225
13-Oct,12:00,Extremely Severe Cyclonic Storm,141,937,18.9,80.9,98,16,13,68,18,0.2,1.4,1.225
13-Oct,0:00,Low Pressure Area,69,993,16.3,80.5,75,21,0,56,13,0.7,1.2,1.225
13-Oct,18:00,Depression,40,956,9.2,75.1,99,20,2,84,12,0.7,0.8,1.225
14-Oct,0:00,Disturbance,51,974,13.2,84.1,88,18,1,2,23,0.2,0.5,1.225
14-Oct,12:00,Cyclonic Storm,104,966,17.1,74.3,89,25,9,8,16,1.0,0.2,1.225
14-Oct,6:00,Depression,78,992,14.1,77.3,91,20,12,32,26,0.6,0.2,1.225
14-Oct,0:00,Extremely Severe Cyclonic Storm,182,970,11.4,82.1,92,8,14,1,17,0.5,0.5,1.225
15-Oct,6:00,Extremely Severe Cyclonic Storm,57,986,10.9,82.5,79,20,3,7,14,1.3,0.2,1.225
15-Oct,0:00,Very Severe Cyclonic Storm,41,953,12.4,78.7,96,8,4,38,23,0.3,1.4,1.225
15-Oct,6:00,Low Pressure Area,184,991,14.9,78.8,76,7,3,25,12,0.8,0.4,1.225
15-Oct,12:00,Extremely Severe Cyclonic Storm,192,971,19.2,82.1,87,17,2,60,17,0.8,0.9,1.225
16-Oct,0:00,Disturbance,178,1002,16.9,73.6,83,17,2,97,16,0.7,1.5,1.225
16-Oct,0:00,Very Severe Cyclonic Storm,108,995,12.1,83.1,92,4,6,32,14,0.1,1.2,1.225
16-Oct,0:00,Very Severe Cyclonic Storm,177,974,11.1,79.1,91,13,13,97,25,0.7,0.3,1.225
16-Oct,12:00,Depression,203,954,10.5,76.4,95,27,11,1,14,0.9,1.9,1.225
17-Oct,0:00,Low Pressure Area,187,957,15.8,75.3,92,17,13,76,17,1.4,1.3,1.225
17-Oct,6:00,Cyclonic Storm,53,958,13.5,75.1,95,11,10,14,25,0.2,1.1,1.225
17-Oct,6:00,Low Pressure Area,42,943,10.7,75.2,77,4,2,96,14,0.2,1.2,1.225
17-Oct,18:00,Extremely Severe Cyclonic Storm,177,994,14.0,82.7,86,27,3,47,23,0.8,1.3,1.225
18-Oct,6:00,Disturbance,107,987,13.9,77.7,89,16,11,38,12,1.1,1.0,1.225
18-Oct,6:00,Extremely Severe Cyclonic Storm,176,948,19.0,81.9,99,13,11,86,10,0.3,2.0,1.225
18-Oct,6:00,Extremely Severe Cyclonic Storm,158,1004,19.6,75.1,79,8,7,40,16,0.5,1.3,1.225
18-Oct,0:00,Depression,116,992,13.2,78.8,80,4,2,28,17,0.6,1.2,1.225
19-Oct,18:00,Extremely Severe Cyclonic Storm,43,996,9.5,82.1,87,26,13,55,24,0.8,1.4,1.225
19-Oct,0:00,Very Severe Cyclonic Storm,39,1001,18.7,80.7,91,6,10,7,25,1.5,0.8,1.225
19-Oct,6:00,Depression,168,998,9.5,78.2,90,13,3,5,19,1.2,0.5,1.225
19-Oct,12:00,Disturbance,37,965,16.0,74.9,90,21,12,27,21,0.1,1.7,1.225
20-Oct,12:00,Very Severe Cyclonic Storm,191,980,10.5,75.2,77,24,12,69,20,1.1,1.9,1.225
20-Oct,18:00,Extremely Severe Cyclonic Storm,99,1001,18.7,74.3,99,11,13,81,25,0.3,1.1,1.225
20-Oct,0:00,Depression,205,999,18.2,74.4,88,24,0,4,16,1.5,0.7,1.225
20-Oct,0:00,Extremely Severe Cyclonic Storm,215,989,13.9,78.5,94,11,3,94,27,0.8,0.5,1.225
21-Oct,18:00,Depression,143,946,10.3,84.5,85,12,2,17,16,1.4,0.4,1.225
21-Oct,18:00,Cyclonic Storm,85,990,11.0,75.0,78,7,6,92,19,0.6,1.6,1.225
21-Oct,6:00,Low Pressure Area,58,971,16.0,77.9,89,13,0,81,13,1.4,1.2,1.225
21-Oct,12:00,Disturbance,165,939,12.9,84.8,93,26,14,93,26,1.1,1.1,1.225
22-Oct,0:00,Low Pressure Area,116,941,19.9,74.2,90,15,10,71,24,1.3,1.0,1.225
22-Oct,18:00,Depression,78,998,16.3,84.1,91,11,1,34,25,1.5,0.8,1.225
22-Oct,18:00,Extremely Severe Cyclonic Storm,73,949,17.0,76.6,91,9,2,57,11,1.3,1.0,1.225
22-Oct,6:00,Disturbance,94,950,17.8,83.9,94,10,1,69,27,1.5,1.6,1.225
23-Oct,0:00,Severe Cyclonic Storm,212,972,9.0,73.6,94,8,6,43,10,0.3,1.8,1.225
23-Oct,18:00,Disturbance,97,999,19.7,78.2,88,4,5,17,20,0.4,0.2,1.225
23-Oct,6:00,Disturbance,120,986,11.6,73.0,79,22,13,65,16,0.4,0.4,1.225
23-Oct,6:00,Depression,198,970,14.9,82.9,97,5,8,28,12,1.3,0.5,1.225
24-Oct,12:00,Disturbance,35,996,18.5,75.8,82,10,14,30,11,0.5,1.7,1.225
24-Oct,0:00,Extremely Severe Cyclonic Storm,219,948,16.3,77.1,78,4,1,46,13,1.5,1.9,1.225
24-Oct,6:00,Cyclonic Storm,191,981,9.0,77.1,89,5,2,84,12,0.8,0.5,1.225
24-Oct,12:00,Cyclonic Storm,152,935,10.5,77.8,99,19,6,71,16,0.5,1.0,1.225
25-Oct,18:00,Severe Cyclonic Storm,215,992,18.8,80.0,91,21,4,63,24,0.2,1.5,1.225
25-Oct,0:00,Severe Cyclonic Storm,193,989,11.8,83.7,78,13,2,36,24,0.6,1.8,1.225
25-Oct,0:00,Extremely Severe Cyclonic Storm,91,946,18.9,78.9,90,7,1,48,14,1.0,1.6,1.225
25-Oct,18:00,Severe Cyclonic Storm,61,969,11.9,76.2,80,24,6,29,19,1.0,1.9,1.225
26-Oct,0:00,Very Severe Cyclonic Storm,169,1003,9.7,82.8,97,19,5,50,16,1.5,1.0,1.225
26-Oct,12:00,Extremely Severe Cyclonic Storm,51,954,10.1,75.2,75,14,12,58,12,1.5,1.9,1.225
26-Oct,0:00,Disturbance,209,990,18.6,76.5,77,4,4,36,25,0.3,1.2,1.225
26-Oct,18:00,Cyclonic Storm,119,975,19.1,84.4,96,26,14,8,16,1.2,0.6,1.225
27-Oct,6:00,Low Pressure Area,151,997,18.6,84.6,78,7,10,75,12,1.3,1.9,1.225
27-Oct,12:00,Extremely Severe Cyclonic Storm,167,983,9.7,83.6,93,10,12,50,10,1.0,1.1,1.225
27-Oct,18:00,Disturbance,87,943,13.4,81.9,83,15,9,52,16,1.0,0.2,1.225
27-Oct,12:00,Severe Cyclonic Storm,112,989,8.1,74.5,88,26,13,77,19,0.7,1.8,1.225
28-Oct,6:00,Depression,131,954,11.0,77.7,95,16,6,65,22,0.2,1.1,1.225
28-Oct,0:00,Depression,74,990,11.3,75.9,83,22,7,10,25,0.3,1.3,1.225
28-Oct,18:00,Disturbance,180,1002,16.3,75.8,91,7,14,2,23,1.0,1.5,1.225
28-Oct,0:00,Low Pressure Area,175,1004,15.2,76.0,94,12,3,19,26,1.2,1.5,1.225
29-Oct,12:00,Extremely Severe Cyclonic Storm,219,948,19.9,74.8,91,17,14,69,20,0.3,1.7,1.225
29-Oct,18:00,Cyclonic Storm,141,946,14.1,75.9,77,20,10,91,17,1.0,1.8,1.225
29-Oct,6:00,Severe Cyclonic Storm,210,953,18.6,78.9,98,21,13,79,16,0.2,1.3,1.225
29-Oct,6:00,Cyclonic Storm,145,980,18.4,76.0,86,4,7,42,23,1.4,0.7,1.225
30-Oct,18:00,Disturbance,108,993,11.6,74.7,94,13,10,69,22,0.2,1.4,1.225
30-Oct,18:00,Low Pressure Area,42,958,18.3,82.8,98,25,8,80,23,0.7,1.1,1.225
30-Oct,12:00,Depression,72,964,10.6,75.2,90,12,9,48,21,0.3,0.6,1.225
30-Oct,6:00,Cyclonic Storm,179,969,13.6,77.1,97,15,4,48,20,0.3,1.6,1.225
31-Oct,12:00,Depression,163,966,8.1,74.7,95,10,8,58,27,0.9,0.1,1.225
31-Oct,0:00,Depression,48,948,18.4,80.1,94,9,14,90,12,0.9,0.4,1.225
31-Oct,0:00,Extremely Severe Cyclonic Storm,69,937,12.5,81.9,90,19,3,42,19,0.9,0.5,1.225
31-Oct,6:00,Disturbance,81,1000,9.5,78.5,85,14,5,21,23,0.4,0.7,1.225
01-Nov,0:00,Disturbance,168,989,14.8,79.4,96,7,10,66,13,0.5,1.6,1.225
01-Nov,18:00,Low Pressure Area,169,966,17.2,83.8,81,11,12,98,20,1.5,1.1,1.225
01-Nov,0:00,Low Pressure Area,111,943,16.8,73.4,75,10,6,34,20,0.9,1.9,1.225
01-Nov,6:00,Severe Cyclonic Storm,206,987,10.9,84.2,76,25,0,21,12,1.3,0.2,1.225
02-Nov,12:00,Low Pressure Area,88,1003,19.3,81.4,82,19,2,69,16,1.2,0.7,1.225
02-Nov,18:00,Severe Cyclonic Storm,114,944,15.7,80.1,75,18,7,89,19,1.1,1.2,1.225
02-Nov,6:00,Extremely Severe Cyclonic Storm,101,940,16.4,78.7,88,5,2,42,18,0.4,0.2,1.225
02-Nov,0:00,Severe Cyclonic Storm,133,990,17.5,78.7,84,25,8,11,25,0.8,0.6,1.225
03-Nov,0:00,Depression,76,989,19.0,83.9,77,16,7,73,11,0.4,0.7,1.225
03-Nov,6:00,Very Severe Cyclonic Storm,190,976,8.6,74.0,85,14,1,5,24,0.5,1.1,1.225
03-Nov,0:00,Depression,154,975,10.6,73.4,85,9,11,24,22,1.3,1.9,1.225
03-Nov,0:00,Severe Cyclonic Storm,197,939,8.0,74.6,75,18,4,82,14,0.8,2.0,1.225
04-Nov,6:00,Severe Cyclonic Storm,140,960,9.6,78.2,75,19,1,75,14,1.0,0.8,1.225
04-Nov,18:00,Very Severe Cyclonic Storm,46,962,14.1,80.3,84,15,2,21,14,1.4,1.2,1.225
04-Nov,18:00,Very Severe Cyclonic Storm,48,935,11.4,84.5,76,13,7,37,20,1.2,1.8,1.225
04-Nov,0:00,Depression,82,968,11.1,82.0,78,13,12,34,21,1.3,0.4,1.225
05-Nov,12:00,Severe Cyclonic Storm,131,979,12.1,76.2,75,22,10,83,23,0.1,0.6,1.225
05-Nov,0:00,Depression,105,952,19.6,82.0,77,19,8,75,25,1.0,0.9,1.225
05-Nov,6:00,Low Pressure Area,136,987,15.1,80.7,92,25,12,11,27,1.3,1.6,1.225
05-Nov,12:00,Depression,67,942,15.8,81.4,97,7,5,81,24,1.4,0.2,1.225
06-Nov,0:00,Disturbance,215,950,17.4,79.7,85,14,3,37,11,1.1,1.8,1.225
06-Nov,18:00,Disturbance,38,963,19.6,76.0,82,22,1,48,16,1.0,1.8,1.225
06-Nov,0:00,Disturbance,141,967,14.5,79.6,79,20,10,98,11,1.2,0.5,1.225
06-Nov,0:00,Very Severe Cyclonic Storm,46,968,13.7,83.8,89,21,8,88,23,0.3,1.8,1.225
07-Nov,0:00,Disturbance,61,963,15.4,78.1,86,11,10,15,26,0.6,1.6,1.225
07-Nov,18:00,Severe Cyclonic Storm,61,999,13.7,84.6,98,9,10,80,12,0.7,0.9,1.225
07-Nov,12:00,Cyclonic Storm,162,973,15.8,73.7,89,19,6,66,20,0.7,0.6,1.225
07-Nov,18:00,Severe Cyclonic Storm,114,964,17.2,80.2,98,9,12,51,18,0.3,0.5,1.225
08-Nov,6:00,Disturbance,64,995,8.5,74.6,88,5,12,65,12,0.7,1.3,1.225
08-Nov,0:00,Very Severe Cyclonic Storm,139,944,19.1,80.2,87,24,8,56,13,0.6,1.1,1.225
08-Nov,18:00,Cyclonic Storm,179,942,14.7,81.4,91,23,11,67,21,1.3,1.6,1.225
08-Nov,18:00,Low Pressure Area,187,999,19.1,80.1,99,27,3,6,12,1.3,1.3,1.225
09-Nov,18:00,Cyclonic Storm,81,1003,15.0,79.9,96,5,4,6,13,0.4,1.3,1.225
09-Nov,6:00,Cyclonic Storm,122,1000,16.7,83.4,83,7,0,65,13,0.2,0.3,1.225
09-Nov,0:00,Low Pressure Area,140,944,16.0,74.1,84,24,6,67,10,0.2,1.3,1.225
09-Nov,6:00,Severe Cyclonic Storm,160,940,16.5,74.2,77,8,13,50,18,0.3,1.4,1.225
10-Nov,0:00,Extremely Severe Cyclonic Storm,101,1002,19.5,78.5,86,12,7,36,23,1.3,0.2,1.225
10-Nov,6:00,Low Pressure Area,218,1001,18.8,76.3,79,27,7,19,11,0.3,0.5,1.225
10-Nov,6:00,Cyclonic Storm,103,983,12.7,85.0,85,5,1,77,11,0.3,2.0,1.225
10-Nov,0:00,Disturbance,184,979,13.7,78.6,86,13,9,36,18,0.5,1.0,1.225
11-Nov,12:00,Cyclonic Storm,61,942,18.0,79.2,85,11,2,37,26,0.6,0.2,1.225
11-Nov,12:00,Extremely Severe Cyclonic Storm,166,996,9.9,77.8,94,26,13,35,22,0.6,1.6,1.225
11-Nov,0:00,Low Pressure Area,197,990,14.5,80.2,99,12,4,37,20,1.3,0.9,1.225
11-Nov,18:00,Severe Cyclonic Storm,187,937,11.9,73.6,91,8,11,98,11,0.7,1.6,1.225
12-Nov,0:00,Disturbance,52,983,12.2,73.0,90,25,12,3,25,0.4,1.8,1.225
12-Nov,0:00,Severe Cyclonic Storm,75,946,13.0,75.1,76,8,4,93,27,0.9,0.8,1.225
12-Nov,12:00,Extremely Severe Cyclonic Storm,68,993,13.6,77.6,89,24,3,24,21,0.2,0.2,1.225
12-Nov,12:00,Extremely Severe Cyclonic Storm,181,948,18.1,76.8,84,24,2,27,27,0.7,1.8,1.225
13-Nov,0:00,Extremely Severe Cyclonic Storm,72,987,17.7,80.2,81,17,4,35,18,1.5,1.3,1.225
13-Nov,6:00,Cyclonic Storm,68,975,11.5,77.2,83,14,13,82,15,1.0,1.1,1.225
13-Nov,12:00,Low Pressure Area,107,1000,11.2,73.8,92,8,8,97,19,1.1,2.0,1.225
13-Nov,6:00,Severe Cyclonic Storm,129,953,16.9,78.6,91,6,10,20,19,1.5,1.3,1.225
14-Nov,0:00,Very Severe Cyclonic Storm,143,974,15.8,75.6,85,27,6,10,11,0.2,1.9,1.225
14-Nov,0:00,Very Severe Cyclonic Storm,91,967,19.1,84.7,97,17,10,27,22,0.9,1.5,1.225
14-Nov,12:00,Disturbance,55,940,10.3,75.4,97,25,1,8,17,1.0,1.5,1.225
14-Nov,6:00,Disturbance,214,990,9.7,74.4,95,19,5,18,15,1.2,1.0,1.225
15-Nov,18:00,Disturbance,45,958,13.1,77.5,81,13,10,59,24,0.7,1.8,1.225
15-Nov,12:00,Depression,91,969,13.1,82.2,95,22,9,97,12,1.1,0.8,1.225
15-Nov,6:00,Very Severe Cyclonic Storm,99,992,14.5,84.6,87,23,1,27,11,0.4,0.3,1.225
15-Nov,0:00,Very Severe Cyclonic Storm,209,977,18.6,73.1,80,4,10,70,26,0.3,1.6,1.225
16-Nov,18:00,Depression,201,957,16.5,82.1,93,9,6,65,15,0.8,1.1,1.225
16-Nov,6:00,Low Pressure Area,117,978,13.5,77.9,85,5,10,19,20,0.8,0.2,1.225
16-Nov,0:00,Cyclonic Storm,132,960,8.2,84.3,81,27,4,12,10,0.2,0.8,1.225
16-Nov,0:00,Severe Cyclonic Storm,163,973,18.6,80.5,89,23,10,65,17,0.3,1.8,1.225
17-Nov,18:00,Low Pressure Area,209,981,19.2,84.8,86,7,1,82,24,0.1,1.1,1.225
17-Nov,12:00,Cyclonic Storm,151,952,9.4,81.7,78,11,9,15,11,0.7,0.8,1.225
17-Nov,0:00,Very Severe Cyclonic Storm,54,980,16.2,73.8,91,27,4,90,11,1.1,0.9,1.225
17-Nov,0:00,Disturbance,100,974,15.7,84.2,86,23,5,97,19,1.0,0.2,1.225
18-Nov,12:00,Extremely Severe Cyclonic Storm,216,1003,19.1,76.6,97,16,9,67,17,1.2,1.1,1.225
18-Nov,12:00,Disturbance,85,980,12.1,77.3,98,11,14,6,10,0.7,1.2,1.225
18-Nov,12:00,Very Severe Cyclonic Storm,127,979,16.0,74.8,84,8,11,56,20,0.2,1.4,1.225
18-Nov,12:00,Disturbance,155,950,18.6,83.3,98,18,4,60,10,1.4,0.1,1.225
19-Nov,0:00,Very Severe Cyclonic Storm,181,952,19.0,75.7,80,11,1,3,26,0.5,1.3,1.225
19-Nov,0:00,Depression,69,965,15.3,75.6,84,4,12,36,21,0.8,0.2,1.225
19-Nov,0:00,Very Severe Cyclonic Storm,39,974,10.4,79.7,99,7,1,85,11,0.3,0.5,1.225
19-Nov,0:00,Very Severe Cyclonic Storm,213,990,13.8,78.6,98,23,13,27,24,1.1,1.3,1.225
20-Nov,6:00,Depression,104,965,12.1,81.2,83,9,5,70,16,1.2,1.8,1.225
20-Nov,0:00,Disturbance,114,975,15.2,76.4,99,8,10,15,17,0.6,1.9,1.225
20-Nov,18:00,Severe Cyclonic Storm,152,985,16.3,73.6,81,15,9,29,27,0.6,1.1,1.225
20-Nov,12:00,Cyclonic Storm,58,948,8.7,80.4,80,26,2,99,12,1.4,2.0,1.225
21-Nov,0:00,Cyclonic Storm,163,982,14.2,84.9,98,7,14,9,19,1.3,1.2,1.225
21-Nov,0:00,Extremely Severe Cyclonic Storm,132,959,10.6,81.9,81,18,3,76,21,0.4,1.4,1.225
21-Nov,18:00,Very Severe Cyclonic Storm,156,1003,15.0,75.1,86,22,5,88,21,0.3,1.9,1.225
21-Nov,18:00,Extremely Severe Cyclonic Storm,170,954,14.7,84.8,76,18,12,49,17,1.2,0.2,1.225
22-Nov,18:00,Extremely Severe Cyclonic Storm,103,969,10.8,83.5,83,18,8,86,17,1.4,1.2,1.225
22-Nov,0:00,Very Severe Cyclonic Storm,35,949,12.4,78.8,85,24,12,82,20,0.9,0.5,1.225
22-Nov,6:00,Low Pressure Area,153,952,11.2,82.6,75,26,1,76,27,1.3,1.4,1.225
22-Nov,0:00,Cyclonic Storm,112,937,12.9,73.4,91,23,8,67,13,0.8,0.9,1.225
23-Nov,0:00,Extremely Severe Cyclonic Storm,43,979,13.1,73.8,96,20,2,40,10,0.6,0.7,1.225
23-Nov,6:00,Cyclonic Storm,45,981,19.5,77.0,81,21,2,14,17,0.9,0.6,1.225
23-Nov,6:00,Disturbance,162,989,17.8,82.1,79,11,6,88,14,0.7,0.7,1.225
23-Nov,12:00,Cyclonic Storm,58,961,10.5,74.8,81,24,5,1,23,0.7,0.5,1.225
24-Nov,6:00,Very Severe Cyclonic Storm,155,960,9.7,74.6,98,26,3,18,17,0.3,0.3,1.225
24-Nov,6:00,Severe Cyclonic Storm,168,997,10.6,76.9,93,22,12,97,20,1.1,0.5,1.225
24-Nov,12:00,Severe Cyclonic Storm,160,989,11.5,82.1,87,22,11,85,24,0.8,0.3,1.225
24-Nov,18:00,Disturbance,174,953,9.0,78.8,99,19,9,12,24,0.4,1.3,1.225
25-Nov,12:00,Depression,54,946,12.5,79.2,77,23,6,68,22,0.5,1.6,1.225
25-Nov,0:00,Extremely Severe Cyclonic Storm,119,1001,13.5,81.5,86,13,14,43,23,1.2,1.4,1.225
25-Nov,0:00,Disturbance,79,997,17.7,76.8,82,13,4,50,14,0.2,0.1,1.225
25-Nov,12:00,Depression,214,959,13.4,82.1,99,15,3,75,20,1.2,1.3,1.225
26-Nov,18:00,Low Pressure Area,123,953,16.3,79.9,98,16,7,41,10,0.9,1.1,1.225
26-Nov,6:00,Cyclonic Storm,158,980,12.1,83.6,82,26,12,39,14,0.8,0.4,1.225
26-Nov,6:00,Severe Cyclonic Storm,216,968,13.8,83.3,83,17,1,35,27,0.1,1.0,1.225
26-Nov,12:00,Depression,91,957,17.7,84.5,84,10,6,47,26,1.3,0.6,1.225
27-Nov,0:00,Extremely Severe Cyclonic Storm,196,990,13.3,82.1,80,5,2,66,22,0.7,1.7,1.225
27-Nov,0:00,Very Severe Cyclonic Storm,70,939,14.8,78.3,84,11,13,77,17,1.4,0.3,1.225
27-Nov,6:00,Depression,175,938,11.8,80.2,87,14,0,67,11,0.3,1.5,1.225
27-Nov,12:00,Extremely Severe Cyclonic Storm,145,983,11.6,75.9,83,23,1,13,20,0.1,0.7,1.225
28-Nov,6:00,Extremely Severe Cyclonic Storm,119,1004,16.4,80.3,81,16,10,14,13,0.5,0.4,1.225
28-Nov,0:00,Extremely Severe Cyclonic Storm,151,936,16.5,75.1,81,7,9,29,13,0.3,0.6,1.225
28-Nov,18:00,Very Severe Cyclonic Storm,79,966,18.6,74.7,83,15,6,35,21,1.3,1.3,1.225
28-Nov,12:00,Severe Cyclonic Storm,98,983,14.5,80.8,94,20,12,52,23,1.5,1.2,1.225
29-Nov,0:00,Very Severe Cyclonic Storm,120,950,16.1,80.7,76,22,2,49,23,0.3,1.6,1.225
29-Nov,18:00,Severe Cyclonic Storm,145,996,15.0,80.4,99,22,9,2,19,1.1,1.3,1.225
29-Nov,0:00,Very Severe Cyclonic Storm,167,950,9.3,77.6,90,22,11,62,19,1.2,0.9,1.225
29-Nov,18:00,Cyclonic Storm,128,972,8.6,81.3,82,4,11,6,18,0.8,1.6,1.225
30-Nov,18:00,Depression,133,1002,18.5,77.4,78,6,7,21,14,1.0,1.9,1.225
30-Nov,6:00,Depression,116,945,14.8,76.9,96,14,10,95,18,1.4,1.9,1.225
30-Nov,0:00,Depression,65,980,17.6,76.6,92,26,9,62,19,0.1,1.0,1.225
30-Nov,12:00,Low Pressure Area,109,975,10.2,77.3,92,22,1,93,15,1.1,1.3,1.225
01-Dec,0:00,Cyclonic Storm,76,981,18.2,84.6,92,23,13,37,11,1.4,0.2,1.225
01-Dec,18:00,Very Severe Cyclonic Storm,144,944,13.4,77.5,82,12,8,77,22,0.4,1.0,1.225
01-Dec,6:00,Disturbance,71,991,13.2,73.4,80,11,14,1,15,1.3,0.3,1.225
01-Dec,12:00,Very Severe Cyclonic Storm,179,946,18.3,75.9,79,21,3,20,20,0.2,1.1,1.225
02-Dec,12:00,Severe Cyclonic Storm,194,973,12.9,73.2,77,9,2,43,24,1.0,0.2,1.225
02-Dec,18:00,Cyclonic Storm,155,967,19.2,80.5,80,24,14,19,27,0.2,0.4,1.225
02-Dec,6:00,Low Pressure Area,40,965,9.8,78.4,88,20,11,56,16,0.6,2.0,1.225
02-Dec,0:00,Low Pressure Area,198,983,18.2,77.6,89,16,6,99,17,0.2,2.0,1.225
03-Dec,0:00,Severe Cyclonic Storm,71,1000,10.9,79.3,87,15,9,96,12,1.0,1.8,1.225
03-Dec,0:00,Low Pressure Area,190,980,14.2,75.0,75,19,4,33,23,0.4,1.8,1.225
03-Dec,6:00,Disturbance,110,971,18.5,74.5,87,7,12,28,24,0.9,0.8,1.225
03-Dec,12:00,Severe Cyclonic Storm,140,974,10.0,76.2,85,14,12,98,24,0.2,1.0,1.225
04-Dec,0:00,Cyclonic Storm,74,1003,18.2,84.5,85,27,8,72,10,0.9,0.1,1.225
04-Dec,6:00,Low Pressure Area,121,1004,9.8,84.7,95,12,2,28,16,1.1,0.7,1.225
04-Dec,18:00,Cyclonic Storm,106,968,16.8,79.7,90,13,10,56,11,0.3,0.9,1.225
04-Dec,12:00,Extremely Severe Cyclonic Storm,137,978,13.6,76.5,88,10,2,12,11,1.1,1.9,1.225
05-Dec,6:00,Disturbance,75,970,17.3,75.3,90,13,3,69,10,0.1,0.3,1.225
05-Dec,6:00,Cyclonic Storm,217,948,19.7,84.7,87,17,9,57,24,1.1,0.5,1.225
05-Dec,12:00,Extremely Severe Cyclonic Storm,106,976,17.6,82.5,95,24,5,17,24,1.0,1.6,1.225
05-Dec,0:00,Cyclonic Storm,172,969,18.7,79.3,97,7,14,3,24,1.4,1.7,1.225
06-Dec,0:00,Very Severe Cyclonic Storm,90,939,19.4,77.6,90,20,11,9,20,1.1,1.1,1.225
06-Dec,0:00,Severe Cyclonic Storm,140,999,14.6,83.6,89,26,5,13,22,0.8,0.6,1.225
06-Dec,6:00,Extremely Severe Cyclonic Storm,147,979,14.6,75.0,88,13,11,38,10,1.3,1.6,1.225
06-Dec,12:00,Disturbance,178,979,11.0,81.3,84,27,14,45,24,1.4,1.7,1.225
07-Dec,6:00,Disturbance,193,942,16.4,74.3,80,11,4,74,13,0.9,0.8,1.225
07-Dec,6:00,Low Pressure Area,76,966,15.5,74.6,77,13,9,13,25,0.9,1.7,1.225
07-Dec,0:00,Extremely Severe Cyclonic Storm,166,998,8.3,82.8,97,18,3,83,16,1.4,1.2,1.225
07-Dec,18:00,Low Pressure Area,37,981,9.2,76.5,99,27,6,71,18,0.2,1.3,1.225
08-Dec,12:00,Depression,127,971,9.5,76.0,78,25,7,21,27,0.4,1.7,1.225
08-Dec,18:00,Low Pressure Area,115,991,18.0,76.5,93,16,2,96,26,0.6,0.5,1.225
08-Dec,12:00,Cyclonic Storm,174,938,19.9,76.0,94,6,0,66,18,1.2,0.6,1.225
08-Dec,18:00,Severe Cyclonic Storm,153,997,17.0,79.9,76,17,13,31,19,1.4,1.9,1.225
09-Dec,6:00,Cyclonic Storm,100,984,12.3,82.5,95,7,10,95,10,0.8,0.5,1.225
09-Dec,6:00,Cyclonic Storm,103,990,13.4,82.6,98,9,0,36,16,0.8,0.8,1.225
09-Dec,6:00,Severe Cyclonic Storm,53,972,11.8,84.1,94,13,12,72,26,1.2,2.0,1.225
09-Dec,18:00,Severe Cyclonic Storm,132,945,8.9,75.3,87,7,6,66,21,0.6,1.6,1.225
10-Dec,6:00,Cyclonic Storm,117,1001,9.3,77.9,83,13,1,98,18,0.8,1.4,1.225
10-Dec,12:00,Very Severe Cyclonic Storm,194,972,14.7,79.5,84,25,2,99,12,1.0,1.3,1.225
10-Dec,12:00,Very Severe Cyclonic Storm,102,952,15.1,83.8,84,11,4,2,20,0.2,1.2,1.225
10-Dec,0:00,Cyclonic Storm,210,992,19.8,77.5,83,18,5,80,14,1.2,1.9,1.225
11-Dec,6:00,Depression,168,959,11.1,83.0,83,10,6,23,15,0.8,1.1,1.225
11-Dec,0:00,Low Pressure Area,102,938,18.6,73.5,87,5,9,2,13,0.8,0.4,1.225
11-Dec,6:00,Disturbance,49,1002,12.7,81.3,85,12,11,24,21,1.1,1.9,1.225
11-Dec,0:00,Very Severe Cyclonic Storm,178,988,10.8,82.5,76,22,9,16,20,1.0,0.1,1.225
12-Dec,0:00,Depression,45,942,12.9,81.2,96,5,1,86,16,1.0,0.1,1.225
12-Dec,18:00,Very Severe Cyclonic Storm,79,999,8.2,82.7,90,16,3,61,16,0.7,1.0,1.225
12-Dec,18:00,Severe Cyclonic Storm,43,958,14.9,74.9,84,7,2,82,13,0.7,1.6,1.225
12-Dec,12:00,Very Severe Cyclonic Storm,102,994,9.0,84.9,78,7,1,48,10,1.4,0.6,1.225
13-Dec,6:00,Severe Cyclonic Storm,132,951,16.6,84.5,85,5,10,42,14,0.8,0.6,1.225
13-Dec,12:00,Cyclonic Storm,216,994,8.3,76.7,82,7,3,32,13,1.5,0.3,1.225
13-Dec,18:00,Low Pressure Area,94,949,18.5,80.7,82,6,4,70,23,1.2,0.3,1.225
13-Dec,18:00,Severe Cyclonic Storm,70,994,9.6,77.7,89,11,6,59,20,0.7,1.1,1.225
14-Dec,0:00,Depression,35,966,18.0,78.7,93,8,5,32,24,0.9,0.5,1.225
14-Dec,18:00,Disturbance,186,952,16.2,76.4,92,23,10,1,12,1.4,1.7,1.225
14-Dec,6:00,Disturbance,55,970,8.2,75.5,81,7,8,16,15,0.2,1.1,1.225
14-Dec,18:00,Cyclonic Storm,94,1000,18.9,82.1,75,14,3,10,24,0.7,0.7,1.225
15-Dec,18:00,Depression,147,991,11.5,73.0,96,18,5,42,23,0.6,1.5,1.225
15-Dec,0:00,Disturbance,182,982,10.2,79.5,90,23,9,79,21,1.5,0.7,1.225
15-Dec,0:00,Depression,163,990,11.0,80.6,92,13,2,87,24,0.2,1.8,1.225
15-Dec,18:00,Disturbance,146,969,19.8,76.5,84,19,5,19,23,0.1,1.8,1.225
16-Dec,18:00,Low Pressure Area,156,995,12.1,77.8,79,14,4,61,14,0.9,0.2,1.225
16-Dec,18:00,Extremely Severe Cyclonic Storm,139,972,11.4,78.0,96,4,9,24,10,0.7,0.3,1.225
16-Dec,12:00,Severe Cyclonic Storm,119,956,18.5,83.2,90,5,5,31,11,1.5,0.2,1.225
16-Dec,18:00,Cyclonic Storm,178,971,10.2,74.5,91,8,8,29,23,1.4,1.2,1.225
17-Dec,12:00,Depression,179,951,13.8,77.3,76,7,10,74,20,0.5,1.3,1.225
17-Dec,18:00,Disturbance,100,939,8.7,83.6,88,7,5,36,13,0.7,0.2,1.225
17-Dec,6:00,Low Pressure Area,206,974,15.6,81.1,92,14,13,99,12,0.2,1.9,1.225
17-Dec,6:00,Severe Cyclonic Storm,185,941,14.1,78.4,99,6,12,1,12,1.3,1.1,1.225
18-Dec,18:00,Very Severe Cyclonic Storm,166,980,18.8,75.1,89,18,11,84,20,1.2,0.4,1.225
18-Dec,0:00,Cyclonic Storm,83,994,9.8,74.4,87,25,14,39,10,0.5,0.2,1.225
18-Dec,12:00,Disturbance,193,955,18.9,78.3,80,22,11,6,24,0.9,1.8,1.225
18-Dec,6:00,Very Severe Cyclonic Storm,215,952,11.7,73.9,95,21,5,75,11,1.4,0.1,1.225
19-Dec,18:00,Low Pressure Area,136,1000,11.7,83.3,91,10,11,97,10,0.2,0.8,1.225
19-Dec,12:00,Low Pressure Area,93,957,15.9,79.1,93,8,12,67,13,1.0,0.7,1.225
19-Dec,12:00,Very Severe Cyclonic Storm,173,977,14.1,73.3,94,7,10,94,15,0.3,0.7,1.225
19-Dec,6:00,Extremely Severe Cyclonic Storm,59,978,15.9,80.7,92,26,13,18,13,1.2,1.0,1.225
20-Dec,12:00,Very Severe Cyclonic Storm,156,955,15.3,74.5,92,17,1,41,14,0.1,1.4,1.225
20-Dec,12:00,Cyclonic Storm,77,975,8.0,79.7,78,19,4,50,26,1.4,1.8,1.225
20-Dec,6:00,Depression,106,982,19.7,79.9,98,23,14,75,13,1.2,1.9,1.225
20-Dec,18:00,Low Pressure Area,185,966,12.7,80.6,76,9,14,54,25,0.8,0.8,1.225
21-Dec,0:00,Severe Cyclonic Storm,193,968,17.8,73.7,96,24,7,25,25,0.7,1.3,1.225
21-Dec,18:00,Low Pressure Area,180,939,18.1,73.2,85,18,6,36,14,0.8,1.8,1.225
21-Dec,0:00,Very Severe Cyclonic Storm,135,958,16.4,74.5,86,23,10,42,23,0.7,1.6,1.225
21-Dec,18:00,Extremely Severe Cyclonic Storm,195,945,11.4,79.2,87,17,10,32,15,1.1,1.2,1.225
22-Dec,6:00,Severe Cyclonic Storm,167,956,16.1,80.0,80,12,9,46,10,0.4,1.3,1.225
22-Dec,18:00,Low Pressure Area,61,957,14.6,81.6,87,5,9,5,13,0.7,1.3,1.225
22-Dec,12:00,Cyclonic Storm,137,982,10.7,73.7,81,16,4,85,11,0.4,1.7,1.225
22-Dec,6:00,Low Pressure Area,115,956,13.8,80.6,92,8,14,25,17,0.3,1.2,1.225
23-Dec,0:00,Extremely Severe Cyclonic Storm,115,956,11.5,74.9,85,19,7,16,17,0.4,0.2,1.225
23-Dec,6:00,Disturbance,83,1001,18.0,77.9,96,15,7,94,14,0.4,1.1,1.225
23-Dec,0:00,Disturbance,103,992,19.5,84.2,94,24,0,40,20,0.8,0.2,1.225
23-Dec,12:00,Very Severe Cyclonic Storm,85,985,17.3,83.0,79,25,12,58,11,1.0,1.4,1.225
24-Dec,0:00,Depression,78,955,17.9,82.4,75,5,5,4,12,0.4,1.0,1.225
24-Dec,0:00,Depression,184,952,14.4,76.4,92,11,12,94,19,0.8,1.8,1.225
24-Dec,12:00,Low Pressure Area,134,962,19.4,79.7,86,18,3,95,26,1.1,1.7,1.225
24-Dec,6:00,Severe Cyclonic Storm,149,1001,10.4,76.1,80,11,7,52,12,1.0,1.8,1.225
25-Dec,12:00,Disturbance,104,998,10.4,77.3,89,17,4,16,27,0.1,0.1,1.225
25-Dec,0:00,Severe Cyclonic Storm,76,958,14.4,75.5,75,10,3,89,17,0.8,1.3,1.225
25-Dec,18:00,Very Severe Cyclonic Storm,59,994,9.5,80.7,75,15,7,52,13,1.0,0.4,1.225
25-Dec,6:00,Depression,141,988,16.3,80.0,97,16,12,24,22,1.2,1.2,1.225
26-Dec,0:00,Disturbance,64,991,15.5,75.8,78,11,10,82,19,1.4,1.9,1.225
26-Dec,12:00,Disturbance,44,950,15.9,75.8,77,16,14,28,25,0.6,0.6,1.225
26-Dec,0:00,Very Severe Cyclonic Storm,179,955,12.6,74.0,81,6,2,76,13,1.2,1.4,1.225
26-Dec,6:00,Cyclonic Storm,172,965,14.0,74.4,81,7,1,32,10,0.3,1.5,1.225
27-Dec,0:00,Disturbance,185,958,18.3,79.8,92,19,9,96,24,0.7,0.9,1.225
27-Dec,18:00,Depression,165,993,13.4,77.8,89,7,9,85,21,0.7,0.7,1.225
27-Dec,0:00,Extremely Severe Cyclonic Storm,98,974,15.0,73.3,97,13,13,49,27,0.6,1.1,1.225
27-Dec,12:00,Extremely Severe Cyclonic Storm,37,947,18.8,80.2,82,18,13,1,16,0.8,0.9,1.225
28-Dec,12:00,Depression,87,998,14.4,80.2,80,20,13,14,22,1.2,1.5,1.225
28-Dec,12:00,Depression,53,951,17.2,76.5,77,18,2,50,26,1.2,1.5,1.225
28-Dec,0:00,Depression,156,935,14.0,78.5,76,18,6,99,11,1.0,0.3,1.225
28-Dec,12:00,Very Severe Cyclonic Storm,61,983,16.3,79.8,75,5,14,17,21,0.4,1.7,1.225
29-Dec,18:00,Severe Cyclonic Storm,198,994,18.2,77.3,79,11,6,42,15,0.4,1.5,1.225
29-Dec,12:00,Severe Cyclonic Storm,65,940,14.3,80.9,95,12,4,58,27,0.6,1.3,1.225
29-Dec,6:00,Severe Cyclonic Storm,204,953,14.5,81.6,95,17,0,19,18,0.5,1.0,1.225
29-Dec,0:00,Extremely Severe Cyclonic Storm,93,1000,13.0,73.7,81,11,9,57,11,0.5,0.9,1.225
30-Dec,6:00,Very Severe Cyclonic Storm,172,990,15.0,76.2,82,20,14,36,22,1.4,1.6,1.225
30-Dec,12:00,Disturbance,192,939,19.4,73.0,95,21,14,41,26,1.1,1.9,1.225
30-Dec,18:00,Extremely Severe Cyclonic Storm,74,952,9.6,82.4,91,13,2,80,20,1.5,0.5,1.225
30-Dec,0:00,Depression,104,987,13.9,82.0,82,11,12,46,20,1.2,1.2,1.225
31-Dec,6:00,Severe Cyclonic Storm,147,990,17.7,77.1,80,21,14,67,11,0.9,0.7,1.225
31-Dec,18:00,Depression,198,988,18.9,80.7,93,20,6,60,24,0.5,1.0,1.225
31-Dec,18:00,Low Pressure Area,135,944,14.6,77.4,75,19,8,72,25,1.1,0.4,1.225
31-Dec,12:00,Depression,115,1000,14.9,78.5,75,18,0,37,23,0.6,1.0,1.225
01-Jan,6:00,Extremely Severe Cyclonic Storm,149,941,9.1,84.7,79,6,0,35,10,1.2,1.9,1.225
01-Jan,18:00,Severe Cyclonic Storm,42,938,10.2,76.7,75,22,11,60,23,0.6,1.6,1.225
01-Jan,6:00,Extremely Severe Cyclonic Storm,36,939,19.3,84.7,96,15,7,49,22,1.5,1.2,1.225
01-Jan,12:00,Depression,193,976,14.0,77.4,94,26,3,26,18,1.0,0.8,1.225
02-Jan,18:00,Depression,67,951,18.9,73.3,99,15,1,13,16,1.1,1.9,1.225
02-Jan,6:00,Depression,177,965,9.9,80.3,98,5,8,94,23,0.7,1.7,1.225
02-Jan,0:00,Disturbance,182,943,12.5,84.3,79,12,4,76,10,0.5,1.4,1.225
02-Jan,18:00,Disturbance,179,939,8.5,78.1,76,5,10,40,10,0.6,0.3,1.225
03-Jan,18:00,Extremely Severe Cyclonic Storm,167,964,18.1,75.2,82,14,0,10,13,0.5,0.3,1.225
03-Jan,18:00,Extremely Severe Cyclonic Storm,183,960,16.8,78.1,79,10,3,73,24,1.0,0.5,1.225
03-Jan,18:00,Disturbance,171,972,9.5,78.5,88,13,12,76,13,1.0,1.4,1.225
03-Jan,18:00,Severe Cyclonic Storm,116,961,13.5,75.7,97,7,1,59,13,0.2,1.7,1.225
04-Jan,6:00,Low Pressure Area,117,985,15.4,83.7,78,26,14,64,17,1.5,1.8,1.225
04-Jan,0:00,Depression,179,993,18.9,83.0,78,17,13,10,24,1.5,0.9,1.225
04-Jan,0:00,Depression,105,941,9.6,83.0,81,14,1,62,18,0.3,1.2,1.225
04-Jan,0:00,Depression,48,971,11.7,77.6,86,15,8,65,10,0.6,0.3,1.225
05-Jan,18:00,Cyclonic Storm,172,956,12.2,84.4,83,27,9,51,19,1.3,0.6,1.225
05-Jan,6:00,Depression,116,969,16.9,84.3,84,20,12,72,26,1.4,0.5,1.225
05-Jan,18:00,Depression,57,945,8.1,82.7,96,8,2,95,14,1.2,1.8,1.225
05-Jan,12:00,Severe Cyclonic Storm,138,941,15.2,73.5,90,16,11,67,25,1.2,1.3,1.225
06-Jan,12:00,Disturbance,101,994,8.0,73.5,97,24,6,67,24,0.4,1.5,1.225
06-Jan,12:00,Severe Cyclonic Storm,131,970,15.3,77.9,82,11,11,54,20,1.2,0.6,1.225
06-Jan,12:00,Depression,107,954,18.6,76.5,94,24,1,84,15,0.1,1.3,1.225
06-Jan,18:00,Extremely Severe Cyclonic Storm,53,977,15.0,81.6,95,9,8,65,17,1.1,2.0,1.225
07-Jan,0:00,Disturbance,77,956,19.1,84.1,81,15,0,29,13,1.0,0.9,1.225
07-Jan,6:00,Severe Cyclonic Storm,58,961,19.2,73.3,98,24,3,92,13,1.3,1.8,1.225
07-Jan,0:00,Extremely Severe Cyclonic Storm,111,970,9.4,84.8,82,17,5,36,20,0.7,0.3,1.225
07-Jan,18:00,Very Severe Cyclonic Storm,108,938,15.0,81.2,92,6,3,75,19,1.2,0.4,1.225
08-Jan,12:00,Low Pressure Area,160,978,11.8,77.4,94,23,4,96,18,1.2,1.5,1.225
08-Jan,12:00,Depression,137,1001,17.8,73.1,94,21,11,59,18,1.3,0.9,1.225
08-Jan,6:00,Severe Cyclonic Storm,50,962,13.7,76.0,98,8,13,6,10,0.1,0.8,1.225
08-Jan,18:00,Severe Cyclonic Storm,94,964,11.2,78.2,81,6,13,88,19,0.4,1.2,1.225
09-Jan,0:00,Disturbance,216,982,12.4,79.8,75,10,14,34,16,1.0,1.5,1.225
09-Jan,12:00,Disturbance,38,988,8.4,74.1,82,5,11,13,24,1.4,1.1,1.225
09-Jan,6:00,Low Pressure Area,193,981,14.3,75.1,88,27,4,68,11,0.4,0.8,1.225
09-Jan,0:00,Low Pressure Area,58,945,13.4,80.7,93,18,13,65,13,1.1,0.3,1.225
10-Jan,12:00,Very Severe Cyclonic Storm,70,953,15.4,81.7,88,5,4,85,18,0.5,1.6,1.225
10-Jan,18:00,Extremely Severe Cyclonic Storm,124,967,11.3,84.0,77,6,6,47,25,0.9,0.6,1.225
10-Jan,18:00,Severe Cyclonic Storm,150,972,16.6,83.7,91,26,7,24,26,1.4,1.6,1.225
10-Jan,6:00,Very Severe Cyclonic Storm,209,941,15.4,75.9,98,4,10,75,18,1.3,0.4,1.225
11-Jan,0:00,Very Severe Cyclonic Storm,91,941,17.4,76.4,96,21,6,43,24,1.0,1.6,1.225
11-Jan,6:00,Low Pressure Area,140,946,17.6,83.0,91,18,7,42,23,1.4,1.0,1.225
11-Jan,6:00,Disturbance,185,936,12.0,79.4,77,11,11,27,16,1.2,0.6,1.225
11-Jan,0:00,Very Severe Cyclonic Storm,141,964,15.2,75.7,89,22,5,89,15,1.1,0.7,1.225
12-Jan,0:00,Depression,54,962,18.2,79.3,82,25,4,64,18,1.0,1.0,1.225
12-Jan,0:00,Depression,70,963,14.0,74.7,76,13,13,61,26,1.1,0.1,1.225
12-Jan,18:00,Disturbance,98,955,9.5,77.1,89,14,11,28,15,0.6,2.0,1.225
12-Jan,12:00,Cyclonic Storm,151,991,15.5,83.1,99,16,1,58,17,1.2,1.0,1.225
13-Jan,18:00,Very Severe Cyclonic Storm,73,973,9.9,74.8,84,13,5,92,14,1.1,0.9,1.225
13-Jan,6:00,Low Pressure Area,56,976,16.8,76.8,85,14,8,7,13,1.0,1.4,1.225
13-Jan,12:00,Cyclonic Storm,80,980,13.9,81.1,81,11,3,64,27,0.5,1.7,1.225
13-Jan,12:00,Extremely Severe Cyclonic Storm,63,978,17.0,73.8,92,27,14,90,11,1.2,0.3,1.225
14-Jan,0:00,Depression,61,994,13.4,83.5,82,24,2,35,14,1.3,0.7,1.225
14-Jan,0:00,Low Pressure Area,142,980,16.4,74.5,97,18,8,6,10,0.8,1.8,1.225
14-Jan,6:00,Extremely Severe Cyclonic Storm,97,952,8.5,81.3,80,23,7,79,12,1.4,0.8,1.225
14-Jan,18:00,Very Severe Cyclonic Storm,209,943,13.0,81.5,98,12,11,47,15,1.1,1.3,1.225
15-Jan,0:00,Severe Cyclonic Storm,196,939,17.0,78.1,99,22,11,24,26,0.7,1.2,1.225
15-Jan,6:00,Cyclonic Storm,170,979,19.5,85.0,78,13,14,76,11,0.1,1.3,1.225
15-Jan,18:00,Very Severe Cyclonic Storm,159,951,9.8,78.8,82,10,4,97,18,0.9,2.0,1.225
15-Jan,6:00,Depression,114,945,11.8,76.1,84,13,8,4,26,1.5,0.7,1.225
16-Jan,12:00,Low Pressure Area,59,988,9.7,76.9,91,25,2,41,20,1.0,0.8,1.225
16-Jan,6:00,Disturbance,82,995,11.4,81.2,91,6,0,54,26,0.5,0.5,1.225
16-Jan,18:00,Very Severe Cyclonic Storm,51,992,10.3,82.9,86,8,2,48,11,1.0,2.0,1.225
16-Jan,0:00,Very Severe Cyclonic Storm,170,980,15.7,74.2,87,8,2,66,15,0.4,0.8,1.225
